--------------------------------------------------------
--  File created - Sunday-June-23-2013   
--------------------------------------------------------
--------------------------------------------------------
--  DDL for Type T_PROJ
--------------------------------------------------------

  CREATE OR REPLACE TYPE "E13080"."T_PROJ" AS OBJECT (spr NUMBER(3), ruk NUMBER(3),nap VARCHAR2(30),nar varchar2(30));

/
--------------------------------------------------------
--  DDL for Type T_PROJ_ROWS
--------------------------------------------------------

  CREATE OR REPLACE TYPE "E13080"."T_PROJ_ROWS" AS TABLE OF t_proj; 

/
--------------------------------------------------------
--  DDL for Sequence SEQ_MBR
--------------------------------------------------------

   CREATE SEQUENCE  "E13080"."SEQ_MBR"  MINVALUE 1 MAXVALUE 9999999999999999999999999999 INCREMENT BY 1 START WITH 310 CACHE 10 NOORDER  NOCYCLE ;
--------------------------------------------------------
--  DDL for Table ADMINZK
--------------------------------------------------------

  CREATE TABLE "E13080"."ADMINZK" 
   (	"USERA" VARCHAR2(50 BYTE), 
	"PASSA" VARCHAR2(20 BYTE)
   ) SEGMENT CREATION IMMEDIATE 
  PCTFREE 10 PCTUSED 40 INITRANS 1 MAXTRANS 255 NOCOMPRESS LOGGING
  STORAGE(INITIAL 65536 NEXT 1048576 MINEXTENTS 1 MAXEXTENTS 2147483645
  PCTINCREASE 0 FREELISTS 1 FREELIST GROUPS 1 BUFFER_POOL DEFAULT FLASH_CACHE DEFAULT CELL_FLASH_CACHE DEFAULT)
  TABLESPACE "USERS" ;
--------------------------------------------------------
--  DDL for Table BOLOVANJE
--------------------------------------------------------

  CREATE TABLE "E13080"."BOLOVANJE" 
   (	"JMBGZR" CHAR(13 BYTE), 
	"ID_ZR" CHAR(8 BYTE), 
	"JMBGP" CHAR(13 BYTE), 
	"ID_OBRASCA" CHAR(100 BYTE), 
	"ID_STATUSA_BOL" VARCHAR2(5 BYTE), 
	"ID_VRSTE_BOL" VARCHAR2(3 BYTE), 
	"POC_DATUM_BOL" DATE, 
	"KRAJ_DATUM_BOL" DATE, 
	"SPOLJ_UZROK" VARCHAR2(100 BYTE), 
	"DIJAGNOZA" VARCHAR2(100 BYTE), 
	"NALAZ" VARCHAR2(500 BYTE), 
	"RECIDIV" NUMBER(*,0), 
	"TRECE_LICE" NUMBER(*,0), 
	"DAT_IZD_BOL" DATE
   ) SEGMENT CREATION IMMEDIATE 
  PCTFREE 10 PCTUSED 40 INITRANS 1 MAXTRANS 255 NOCOMPRESS LOGGING
  STORAGE(INITIAL 65536 NEXT 1048576 MINEXTENTS 1 MAXEXTENTS 2147483645
  PCTINCREASE 0 FREELISTS 1 FREELIST GROUPS 1 BUFFER_POOL DEFAULT FLASH_CACHE DEFAULT CELL_FLASH_CACHE DEFAULT)
  TABLESPACE "USERS" ;
--------------------------------------------------------
--  DDL for Table IMA_SPEC
--------------------------------------------------------

  CREATE TABLE "E13080"."IMA_SPEC" 
   (	"JMBGZR" CHAR(13 BYTE), 
	"ID_ZR" CHAR(8 BYTE), 
	"IDSPEC" CHAR(4 BYTE)
   ) SEGMENT CREATION IMMEDIATE 
  PCTFREE 10 PCTUSED 40 INITRANS 1 MAXTRANS 255 NOCOMPRESS LOGGING
  STORAGE(INITIAL 65536 NEXT 1048576 MINEXTENTS 1 MAXEXTENTS 2147483645
  PCTINCREASE 0 FREELISTS 1 FREELIST GROUPS 1 BUFFER_POOL DEFAULT FLASH_CACHE DEFAULT CELL_FLASH_CACHE DEFAULT)
  TABLESPACE "USERS" ;
--------------------------------------------------------
--  DDL for Table IMA_ZARAZNU_BOLEST
--------------------------------------------------------

  CREATE TABLE "E13080"."IMA_ZARAZNU_BOLEST" 
   (	"ID_BOLESTI" CHAR(6 BYTE), 
	"JMBGP" CHAR(13 BYTE)
   ) SEGMENT CREATION IMMEDIATE 
  PCTFREE 10 PCTUSED 40 INITRANS 1 MAXTRANS 255 NOCOMPRESS LOGGING
  STORAGE(INITIAL 65536 NEXT 1048576 MINEXTENTS 1 MAXEXTENTS 2147483645
  PCTINCREASE 0 FREELISTS 1 FREELIST GROUPS 1 BUFFER_POOL DEFAULT FLASH_CACHE DEFAULT CELL_FLASH_CACHE DEFAULT)
  TABLESPACE "USERS" ;
--------------------------------------------------------
--  DDL for Table IZBOR_LEKARA
--------------------------------------------------------

  CREATE TABLE "E13080"."IZBOR_LEKARA" 
   (	"JMBGZR" CHAR(13 BYTE), 
	"ID_ZR" CHAR(8 BYTE), 
	"JMBGP" CHAR(13 BYTE), 
	"IDRAZL" CHAR(2 BYTE), 
	"DATUM_IZBORA" DATE
   ) SEGMENT CREATION IMMEDIATE 
  PCTFREE 10 PCTUSED 40 INITRANS 1 MAXTRANS 255 NOCOMPRESS LOGGING
  STORAGE(INITIAL 65536 NEXT 1048576 MINEXTENTS 1 MAXEXTENTS 2147483645
  PCTINCREASE 0 FREELISTS 1 FREELIST GROUPS 1 BUFFER_POOL DEFAULT FLASH_CACHE DEFAULT CELL_FLASH_CACHE DEFAULT)
  TABLESPACE "USERS" ;
--------------------------------------------------------
--  DDL for Table LEK
--------------------------------------------------------

  CREATE TABLE "E13080"."LEK" 
   (	"NAZLEK" VARCHAR2(30 BYTE), 
	"OR_KOLICINA_LEKA" NUMBER(*,0), 
	"SIFL" CHAR(7 BYTE)
   ) SEGMENT CREATION IMMEDIATE 
  PCTFREE 10 PCTUSED 40 INITRANS 1 MAXTRANS 255 NOCOMPRESS LOGGING
  STORAGE(INITIAL 65536 NEXT 1048576 MINEXTENTS 1 MAXEXTENTS 2147483645
  PCTINCREASE 0 FREELISTS 1 FREELIST GROUPS 1 BUFFER_POOL DEFAULT FLASH_CACHE DEFAULT CELL_FLASH_CACHE DEFAULT)
  TABLESPACE "USERS" ;
--------------------------------------------------------
--  DDL for Table LEKAR_OPSTE_MEDICINE
--------------------------------------------------------

  CREATE TABLE "E13080"."LEKAR_OPSTE_MEDICINE" 
   (	"JMBGZR" CHAR(13 BYTE), 
	"ID_ZR" CHAR(8 BYTE), 
	"IDZU" CHAR(8 BYTE), 
	"IME" VARCHAR2(30 BYTE), 
	"PRZ" VARCHAR2(30 BYTE), 
	"TEL_ZR" VARCHAR2(20 BYTE), 
	"ADR_ZR" VARCHAR2(100 BYTE), 
	"ZANIMANJE_ZR" VARCHAR2(50 BYTE), 
	"DAT_RODJ" DATE
   ) SEGMENT CREATION IMMEDIATE 
  PCTFREE 10 PCTUSED 40 INITRANS 1 MAXTRANS 255 NOCOMPRESS LOGGING
  STORAGE(INITIAL 65536 NEXT 1048576 MINEXTENTS 1 MAXEXTENTS 2147483645
  PCTINCREASE 0 FREELISTS 1 FREELIST GROUPS 1 BUFFER_POOL DEFAULT FLASH_CACHE DEFAULT CELL_FLASH_CACHE DEFAULT)
  TABLESPACE "USERS" ;
--------------------------------------------------------
--  DDL for Table LEKAR_SPECIJALISTA
--------------------------------------------------------

  CREATE TABLE "E13080"."LEKAR_SPECIJALISTA" 
   (	"JMBGZR" CHAR(13 BYTE), 
	"ID_ZR" CHAR(8 BYTE), 
	"IDZU" CHAR(8 BYTE), 
	"IME" VARCHAR2(30 BYTE), 
	"PRZ" VARCHAR2(30 BYTE), 
	"TEL_ZR" VARCHAR2(20 BYTE), 
	"ADR_ZR" VARCHAR2(100 BYTE), 
	"ZANIMANJE_ZR" VARCHAR2(50 BYTE), 
	"DAT_RODJ" DATE
   ) SEGMENT CREATION IMMEDIATE 
  PCTFREE 10 PCTUSED 40 INITRANS 1 MAXTRANS 255 NOCOMPRESS LOGGING
  STORAGE(INITIAL 65536 NEXT 1048576 MINEXTENTS 1 MAXEXTENTS 2147483645
  PCTINCREASE 0 FREELISTS 1 FREELIST GROUPS 1 BUFFER_POOL DEFAULT FLASH_CACHE DEFAULT CELL_FLASH_CACHE DEFAULT)
  TABLESPACE "USERS" ;
--------------------------------------------------------
--  DDL for Table NALAZ
--------------------------------------------------------

  CREATE TABLE "E13080"."NALAZ" 
   (	"ID_NALAZA" CHAR(5 BYTE), 
	"JMBGP" CHAR(13 BYTE), 
	"JMBGZR" CHAR(13 BYTE), 
	"ID_ZR" CHAR(8 BYTE), 
	"VRSTA_ANALIZE" VARCHAR2(100 BYTE), 
	"REZULTAT_ANALIZE" VARCHAR2(500 BYTE), 
	"DONJA_GRANICA" VARCHAR2(50 BYTE), 
	"GORNJA_GRANICA" VARCHAR2(50 BYTE), 
	"NAPOMENA" VARCHAR2(500 BYTE), 
	"DAT_IZD_NALAZ" DATE
   ) SEGMENT CREATION IMMEDIATE 
  PCTFREE 10 PCTUSED 40 INITRANS 1 MAXTRANS 255 NOCOMPRESS LOGGING
  STORAGE(INITIAL 65536 NEXT 1048576 MINEXTENTS 1 MAXEXTENTS 2147483645
  PCTINCREASE 0 FREELISTS 1 FREELIST GROUPS 1 BUFFER_POOL DEFAULT FLASH_CACHE DEFAULT CELL_FLASH_CACHE DEFAULT)
  TABLESPACE "USERS" ;
--------------------------------------------------------
--  DDL for Table PACIJENT
--------------------------------------------------------

  CREATE TABLE "E13080"."PACIJENT" 
   (	"IMEP" VARCHAR2(30 BYTE), 
	"PRZP" VARCHAR2(30 BYTE), 
	"JMBGP" CHAR(13 BYTE), 
	"ADRP" VARCHAR2(150 BYTE), 
	"DATRP" DATE, 
	"POLP" CHAR(1 BYTE), 
	"DRZP" VARCHAR2(20 BYTE), 
	"ZANIMANJEP" VARCHAR2(50 BYTE), 
	"POSAOP" VARCHAR2(100 BYTE), 
	"BRTELP" NUMBER(*,0), 
	"BRZK" CHAR(11 BYTE), 
	"NOSOSIG" VARCHAR2(50 BYTE), 
	"LBO" CHAR(11 BYTE), 
	"PARTICIP" NUMBER(*,0), 
	"FAKTURA" VARCHAR2(100 BYTE)
   ) SEGMENT CREATION IMMEDIATE 
  PCTFREE 10 PCTUSED 40 INITRANS 1 MAXTRANS 255 NOCOMPRESS LOGGING
  STORAGE(INITIAL 65536 NEXT 1048576 MINEXTENTS 1 MAXEXTENTS 2147483645
  PCTINCREASE 0 FREELISTS 1 FREELIST GROUPS 1 BUFFER_POOL DEFAULT FLASH_CACHE DEFAULT CELL_FLASH_CACHE DEFAULT)
  TABLESPACE "USERS" ;
--------------------------------------------------------
--  DDL for Table POMAGALO
--------------------------------------------------------

  CREATE TABLE "E13080"."POMAGALO" 
   (	"ID_POMAGALA" CHAR(5 BYTE), 
	"JMBGZR" CHAR(13 BYTE), 
	"ID_ZR" CHAR(8 BYTE), 
	"VRSTA_POMAGALA" VARCHAR2(100 BYTE), 
	"DAT_IZD_POMAGALO" DATE
   ) SEGMENT CREATION IMMEDIATE 
  PCTFREE 10 PCTUSED 40 INITRANS 1 MAXTRANS 255 NOCOMPRESS LOGGING
  STORAGE(INITIAL 65536 NEXT 1048576 MINEXTENTS 1 MAXEXTENTS 2147483645
  PCTINCREASE 0 FREELISTS 1 FREELIST GROUPS 1 BUFFER_POOL DEFAULT FLASH_CACHE DEFAULT CELL_FLASH_CACHE DEFAULT)
  TABLESPACE "USERS" ;
--------------------------------------------------------
--  DDL for Table PREPISANO_POMAGALO
--------------------------------------------------------

  CREATE TABLE "E13080"."PREPISANO_POMAGALO" 
   (	"ID_POMAGALA" CHAR(5 BYTE), 
	"JMBGP" CHAR(13 BYTE)
   ) SEGMENT CREATION IMMEDIATE 
  PCTFREE 10 PCTUSED 40 INITRANS 1 MAXTRANS 255 NOCOMPRESS LOGGING
  STORAGE(INITIAL 65536 NEXT 1048576 MINEXTENTS 1 MAXEXTENTS 2147483645
  PCTINCREASE 0 FREELISTS 1 FREELIST GROUPS 1 BUFFER_POOL DEFAULT FLASH_CACHE DEFAULT CELL_FLASH_CACHE DEFAULT)
  TABLESPACE "USERS" ;
--------------------------------------------------------
--  DDL for Table PRIJEM_PACIJENTA
--------------------------------------------------------

  CREATE TABLE "E13080"."PRIJEM_PACIJENTA" 
   (	"DATUM_PRIJEMA" DATE, 
	"ID_PRIJEMA" VARCHAR2(5 BYTE), 
	"JMBGZR" CHAR(13 BYTE), 
	"ID_ZR" CHAR(8 BYTE), 
	"JMBGP" CHAR(13 BYTE)
   ) SEGMENT CREATION IMMEDIATE 
  PCTFREE 10 PCTUSED 40 INITRANS 1 MAXTRANS 255 NOCOMPRESS LOGGING
  STORAGE(INITIAL 65536 NEXT 1048576 MINEXTENTS 1 MAXEXTENTS 2147483645
  PCTINCREASE 0 FREELISTS 1 FREELIST GROUPS 1 BUFFER_POOL DEFAULT FLASH_CACHE DEFAULT CELL_FLASH_CACHE DEFAULT)
  TABLESPACE "USERS" ;
--------------------------------------------------------
--  DDL for Table PRIMA_VAKCINU
--------------------------------------------------------

  CREATE TABLE "E13080"."PRIMA_VAKCINU" 
   (	"ID_VAKCINE" CHAR(5 BYTE), 
	"JMBGP" CHAR(13 BYTE)
   ) SEGMENT CREATION IMMEDIATE 
  PCTFREE 10 PCTUSED 40 INITRANS 1 MAXTRANS 255 NOCOMPRESS LOGGING
  STORAGE(INITIAL 65536 NEXT 1048576 MINEXTENTS 1 MAXEXTENTS 2147483645
  PCTINCREASE 0 FREELISTS 1 FREELIST GROUPS 1 BUFFER_POOL DEFAULT FLASH_CACHE DEFAULT CELL_FLASH_CACHE DEFAULT)
  TABLESPACE "USERS" ;
--------------------------------------------------------
--  DDL for Table PROPISUJE
--------------------------------------------------------

  CREATE TABLE "E13080"."PROPISUJE" 
   (	"JMBGZR" CHAR(13 BYTE), 
	"ID_ZR" CHAR(8 BYTE), 
	"JMBGP" CHAR(13 BYTE), 
	"SIFL" CHAR(7 BYTE), 
	"PROP__KOLICINA_LEKA" NUMBER(*,0)
   ) SEGMENT CREATION IMMEDIATE 
  PCTFREE 10 PCTUSED 40 INITRANS 1 MAXTRANS 255 NOCOMPRESS LOGGING
  STORAGE(INITIAL 65536 NEXT 1048576 MINEXTENTS 1 MAXEXTENTS 2147483645
  PCTINCREASE 0 FREELISTS 1 FREELIST GROUPS 1 BUFFER_POOL DEFAULT FLASH_CACHE DEFAULT CELL_FLASH_CACHE DEFAULT)
  TABLESPACE "USERS" ;
--------------------------------------------------------
--  DDL for Table RAZLOG_IZBORA
--------------------------------------------------------

  CREATE TABLE "E13080"."RAZLOG_IZBORA" 
   (	"IDRAZL" CHAR(2 BYTE), 
	"NAZRAZL" VARCHAR2(100 BYTE)
   ) SEGMENT CREATION IMMEDIATE 
  PCTFREE 10 PCTUSED 40 INITRANS 1 MAXTRANS 255 NOCOMPRESS LOGGING
  STORAGE(INITIAL 65536 NEXT 1048576 MINEXTENTS 1 MAXEXTENTS 2147483645
  PCTINCREASE 0 FREELISTS 1 FREELIST GROUPS 1 BUFFER_POOL DEFAULT FLASH_CACHE DEFAULT CELL_FLASH_CACHE DEFAULT)
  TABLESPACE "USERS" ;
--------------------------------------------------------
--  DDL for Table RECEPT
--------------------------------------------------------

  CREATE TABLE "E13080"."RECEPT" 
   (	"SIFDIJ" CHAR(4 BYTE), 
	"DATIZD" DATE, 
	"IDREC" CHAR(12 BYTE), 
	"JMBGZR" CHAR(13 BYTE), 
	"ID_ZR" CHAR(8 BYTE), 
	"JMBGP" CHAR(13 BYTE), 
	"SIFL" CHAR(7 BYTE), 
	"PROP__KOLICINA_LEKA" NUMBER(*,0)
   ) SEGMENT CREATION IMMEDIATE 
  PCTFREE 10 PCTUSED 40 INITRANS 1 MAXTRANS 255 NOCOMPRESS LOGGING
  STORAGE(INITIAL 65536 NEXT 1048576 MINEXTENTS 1 MAXEXTENTS 2147483645
  PCTINCREASE 0 FREELISTS 1 FREELIST GROUPS 1 BUFFER_POOL DEFAULT FLASH_CACHE DEFAULT CELL_FLASH_CACHE DEFAULT)
  TABLESPACE "USERS" ;
--------------------------------------------------------
--  DDL for Table REGISTRACIJA
--------------------------------------------------------

  CREATE TABLE "E13080"."REGISTRACIJA" 
   (	"VRSTAKOR" VARCHAR2(50 BYTE), 
	"IDODEL" CHAR(4 BYTE), 
	"IDZAP" CHAR(8 BYTE), 
	"IMEZAP" VARCHAR2(20 BYTE), 
	"PRZZAP" VARCHAR2(50 BYTE), 
	"JMBGZAP" CHAR(13 BYTE), 
	"TELZAP" VARCHAR2(20 BYTE), 
	"ADRZAP" VARCHAR2(50 BYTE), 
	"GRADZAP" VARCHAR2(20 BYTE), 
	"DRZZAP" VARCHAR2(20 BYTE), 
	"USERZAP" VARCHAR2(20 BYTE), 
	"SIFRAZAP" VARCHAR2(20 BYTE)
   ) SEGMENT CREATION IMMEDIATE 
  PCTFREE 10 PCTUSED 40 INITRANS 1 MAXTRANS 255 NOCOMPRESS LOGGING
  STORAGE(INITIAL 65536 NEXT 1048576 MINEXTENTS 1 MAXEXTENTS 2147483645
  PCTINCREASE 0 FREELISTS 1 FREELIST GROUPS 1 BUFFER_POOL DEFAULT FLASH_CACHE DEFAULT CELL_FLASH_CACHE DEFAULT)
  TABLESPACE "USERS" ;
--------------------------------------------------------
--  DDL for Table SOBNI_LEKAR
--------------------------------------------------------

  CREATE TABLE "E13080"."SOBNI_LEKAR" 
   (	"JMBGZR" CHAR(13 BYTE), 
	"ID_ZR" CHAR(8 BYTE), 
	"IDZU" CHAR(8 BYTE), 
	"IME" VARCHAR2(30 BYTE), 
	"PRZ" VARCHAR2(30 BYTE), 
	"TEL_ZR" VARCHAR2(20 BYTE), 
	"ADR_ZR" VARCHAR2(100 BYTE), 
	"ZANIMANJE_ZR" VARCHAR2(50 BYTE), 
	"ZDR_IDZU" CHAR(8 BYTE), 
	"DAT_RODJ" DATE
   ) SEGMENT CREATION IMMEDIATE 
  PCTFREE 10 PCTUSED 40 INITRANS 1 MAXTRANS 255 NOCOMPRESS LOGGING
  STORAGE(INITIAL 65536 NEXT 1048576 MINEXTENTS 1 MAXEXTENTS 2147483645
  PCTINCREASE 0 FREELISTS 1 FREELIST GROUPS 1 BUFFER_POOL DEFAULT FLASH_CACHE DEFAULT CELL_FLASH_CACHE DEFAULT)
  TABLESPACE "USERS" ;
--------------------------------------------------------
--  DDL for Table SPECIJALNOST
--------------------------------------------------------

  CREATE TABLE "E13080"."SPECIJALNOST" 
   (	"NAZSPEC" VARCHAR2(50 BYTE), 
	"IDSPEC" CHAR(4 BYTE)
   ) SEGMENT CREATION IMMEDIATE 
  PCTFREE 10 PCTUSED 40 INITRANS 1 MAXTRANS 255 NOCOMPRESS LOGGING
  STORAGE(INITIAL 65536 NEXT 1048576 MINEXTENTS 1 MAXEXTENTS 2147483645
  PCTINCREASE 0 FREELISTS 1 FREELIST GROUPS 1 BUFFER_POOL DEFAULT FLASH_CACHE DEFAULT CELL_FLASH_CACHE DEFAULT)
  TABLESPACE "USERS" ;
--------------------------------------------------------
--  DDL for Table SREDNJI_MEDICINSKI_KADAR
--------------------------------------------------------

  CREATE TABLE "E13080"."SREDNJI_MEDICINSKI_KADAR" 
   (	"JMBGZR" CHAR(13 BYTE), 
	"ID_ZR" CHAR(8 BYTE), 
	"IME" VARCHAR2(30 BYTE), 
	"PRZ" VARCHAR2(30 BYTE), 
	"TEL_ZR" VARCHAR2(20 BYTE), 
	"ADR_ZR" VARCHAR2(100 BYTE), 
	"ZANIMANJE_ZR" VARCHAR2(50 BYTE), 
	"IDZU" CHAR(8 BYTE), 
	"TIP_SR_KADRA" VARCHAR2(20 BYTE), 
	"DAT_RODJ" DATE
   ) SEGMENT CREATION IMMEDIATE 
  PCTFREE 10 PCTUSED 40 INITRANS 1 MAXTRANS 255 NOCOMPRESS LOGGING
  STORAGE(INITIAL 65536 NEXT 1048576 MINEXTENTS 1 MAXEXTENTS 2147483645
  PCTINCREASE 0 FREELISTS 1 FREELIST GROUPS 1 BUFFER_POOL DEFAULT FLASH_CACHE DEFAULT CELL_FLASH_CACHE DEFAULT)
  TABLESPACE "USERS" ;
--------------------------------------------------------
--  DDL for Table STATUS_BOLOVANJA
--------------------------------------------------------

  CREATE TABLE "E13080"."STATUS_BOLOVANJA" 
   (	"NAZIV_STATUSA" VARCHAR2(50 BYTE), 
	"ID_STATUSA_BOL" VARCHAR2(5 BYTE)
   ) SEGMENT CREATION IMMEDIATE 
  PCTFREE 10 PCTUSED 40 INITRANS 1 MAXTRANS 255 NOCOMPRESS LOGGING
  STORAGE(INITIAL 65536 NEXT 1048576 MINEXTENTS 1 MAXEXTENTS 2147483645
  PCTINCREASE 0 FREELISTS 1 FREELIST GROUPS 1 BUFFER_POOL DEFAULT FLASH_CACHE DEFAULT CELL_FLASH_CACHE DEFAULT)
  TABLESPACE "USERS" ;
--------------------------------------------------------
--  DDL for Table UPUT
--------------------------------------------------------

  CREATE TABLE "E13080"."UPUT" 
   (	"ID_UPUTA" CHAR(6 BYTE), 
	"ID_VRSTE_ANALIZE" CHAR(6 BYTE), 
	"IDSPEC" CHAR(4 BYTE), 
	"ID_VRSTE_UPUTA" CHAR(6 BYTE), 
	"JMBGZR" CHAR(13 BYTE), 
	"ID_ZR" CHAR(8 BYTE), 
	"JMBGP" CHAR(13 BYTE), 
	"DIJAGNOZA" VARCHAR2(500 BYTE), 
	"RAZLOG_UPUT" VARCHAR2(100 BYTE), 
	"DAT_IZD_UPUT" DATE, 
	"NAZIV_INSTITUCIJE" VARCHAR2(100 BYTE)
   ) SEGMENT CREATION IMMEDIATE 
  PCTFREE 10 PCTUSED 40 INITRANS 1 MAXTRANS 255 NOCOMPRESS LOGGING
  STORAGE(INITIAL 65536 NEXT 1048576 MINEXTENTS 1 MAXEXTENTS 2147483645
  PCTINCREASE 0 FREELISTS 1 FREELIST GROUPS 1 BUFFER_POOL DEFAULT FLASH_CACHE DEFAULT CELL_FLASH_CACHE DEFAULT)
  TABLESPACE "USERS" ;
--------------------------------------------------------
--  DDL for Table VAKCINA
--------------------------------------------------------

  CREATE TABLE "E13080"."VAKCINA" 
   (	"ID_VAKCINE" CHAR(5 BYTE), 
	"VRSTA_VAKCINE" VARCHAR2(30 BYTE), 
	"REVAKCINA" NUMBER(*,0), 
	"NPOMENA_VAKC" VARCHAR2(200 BYTE), 
	"STAROST_PAC" NUMBER(*,0)
   ) SEGMENT CREATION IMMEDIATE 
  PCTFREE 10 PCTUSED 40 INITRANS 1 MAXTRANS 255 NOCOMPRESS LOGGING
  STORAGE(INITIAL 65536 NEXT 1048576 MINEXTENTS 1 MAXEXTENTS 2147483645
  PCTINCREASE 0 FREELISTS 1 FREELIST GROUPS 1 BUFFER_POOL DEFAULT FLASH_CACHE DEFAULT CELL_FLASH_CACHE DEFAULT)
  TABLESPACE "USERS" ;
--------------------------------------------------------
--  DDL for Table VRSTA_ANALIZE
--------------------------------------------------------

  CREATE TABLE "E13080"."VRSTA_ANALIZE" 
   (	"ID_VRSTE_ANALIZE" CHAR(6 BYTE), 
	"NAZIV_VRSTE_ANALIZE" VARCHAR2(1024 BYTE)
   ) SEGMENT CREATION IMMEDIATE 
  PCTFREE 10 PCTUSED 40 INITRANS 1 MAXTRANS 255 NOCOMPRESS LOGGING
  STORAGE(INITIAL 65536 NEXT 1048576 MINEXTENTS 1 MAXEXTENTS 2147483645
  PCTINCREASE 0 FREELISTS 1 FREELIST GROUPS 1 BUFFER_POOL DEFAULT FLASH_CACHE DEFAULT CELL_FLASH_CACHE DEFAULT)
  TABLESPACE "USERS" ;
--------------------------------------------------------
--  DDL for Table VRSTA_BOLOVANJA
--------------------------------------------------------

  CREATE TABLE "E13080"."VRSTA_BOLOVANJA" 
   (	"ID_VRSTE_BOL" VARCHAR2(3 BYTE), 
	"NAZIV_VRSTE_BOL" VARCHAR2(100 BYTE)
   ) SEGMENT CREATION IMMEDIATE 
  PCTFREE 10 PCTUSED 40 INITRANS 1 MAXTRANS 255 NOCOMPRESS LOGGING
  STORAGE(INITIAL 65536 NEXT 1048576 MINEXTENTS 1 MAXEXTENTS 2147483645
  PCTINCREASE 0 FREELISTS 1 FREELIST GROUPS 1 BUFFER_POOL DEFAULT FLASH_CACHE DEFAULT CELL_FLASH_CACHE DEFAULT)
  TABLESPACE "USERS" ;
--------------------------------------------------------
--  DDL for Table VRSTA_ODELJENJA
--------------------------------------------------------

  CREATE TABLE "E13080"."VRSTA_ODELJENJA" 
   (	"NAZODEL" VARCHAR2(50 BYTE), 
	"IDODEL" CHAR(4 BYTE)
   ) SEGMENT CREATION IMMEDIATE 
  PCTFREE 10 PCTUSED 40 INITRANS 1 MAXTRANS 255 NOCOMPRESS LOGGING
  STORAGE(INITIAL 65536 NEXT 1048576 MINEXTENTS 1 MAXEXTENTS 2147483645
  PCTINCREASE 0 FREELISTS 1 FREELIST GROUPS 1 BUFFER_POOL DEFAULT FLASH_CACHE DEFAULT CELL_FLASH_CACHE DEFAULT)
  TABLESPACE "USERS" ;
--------------------------------------------------------
--  DDL for Table VRSTA_UPUTA
--------------------------------------------------------

  CREATE TABLE "E13080"."VRSTA_UPUTA" 
   (	"ID_VRSTE_UPUTA" CHAR(6 BYTE), 
	"NAZIV_VRSTE_UPUTA" VARCHAR2(150 BYTE)
   ) SEGMENT CREATION IMMEDIATE 
  PCTFREE 10 PCTUSED 40 INITRANS 1 MAXTRANS 255 NOCOMPRESS LOGGING
  STORAGE(INITIAL 65536 NEXT 1048576 MINEXTENTS 1 MAXEXTENTS 2147483645
  PCTINCREASE 0 FREELISTS 1 FREELIST GROUPS 1 BUFFER_POOL DEFAULT FLASH_CACHE DEFAULT CELL_FLASH_CACHE DEFAULT)
  TABLESPACE "USERS" ;
--------------------------------------------------------
--  DDL for Table ZARAZNA_BOLEST
--------------------------------------------------------

  CREATE TABLE "E13080"."ZARAZNA_BOLEST" 
   (	"ID_BOLESTI" CHAR(6 BYTE), 
	"NAZIV_ZAR_BOLESTI" VARCHAR2(50 BYTE), 
	"UZROK_BOLESTI" VARCHAR2(50 BYTE), 
	"DAT_POSL_VAKC" DATE, 
	"DAT_PRIJAVE_BOL" DATE, 
	"DAT_SMRTI" DATE
   ) SEGMENT CREATION IMMEDIATE 
  PCTFREE 10 PCTUSED 40 INITRANS 1 MAXTRANS 255 NOCOMPRESS LOGGING
  STORAGE(INITIAL 65536 NEXT 1048576 MINEXTENTS 1 MAXEXTENTS 2147483645
  PCTINCREASE 0 FREELISTS 1 FREELIST GROUPS 1 BUFFER_POOL DEFAULT FLASH_CACHE DEFAULT CELL_FLASH_CACHE DEFAULT)
  TABLESPACE "USERS" ;
--------------------------------------------------------
--  DDL for Table ZDRAVSTVENA_USTANOVA
--------------------------------------------------------

  CREATE TABLE "E13080"."ZDRAVSTVENA_USTANOVA" 
   (	"NAZZU" VARCHAR2(50 BYTE), 
	"IDZU" CHAR(8 BYTE), 
	"ZDR_IDZU" CHAR(8 BYTE), 
	"ADRU" VARCHAR2(150 BYTE), 
	"DATOSU" DATE
   ) SEGMENT CREATION IMMEDIATE 
  PCTFREE 10 PCTUSED 40 INITRANS 1 MAXTRANS 255 NOCOMPRESS LOGGING
  STORAGE(INITIAL 65536 NEXT 1048576 MINEXTENTS 1 MAXEXTENTS 2147483645
  PCTINCREASE 0 FREELISTS 1 FREELIST GROUPS 1 BUFFER_POOL DEFAULT FLASH_CACHE DEFAULT CELL_FLASH_CACHE DEFAULT)
  TABLESPACE "USERS" ;
--------------------------------------------------------
--  DDL for Table ZDRAVSTVENI_KARTON
--------------------------------------------------------

  CREATE TABLE "E13080"."ZDRAVSTVENI_KARTON" 
   (	"BR_ZK" CHAR(6 BYTE), 
	"IDREC" CHAR(12 BYTE), 
	"ID_NALAZA" CHAR(5 BYTE), 
	"ID_POMAGALA" CHAR(5 BYTE), 
	"ID_UPUTA" CHAR(6 BYTE), 
	"JMBGZR" CHAR(13 BYTE), 
	"ID_ZR" CHAR(8 BYTE), 
	"JMBGP" CHAR(13 BYTE), 
	"ANAMNEZA" VARCHAR2(500 BYTE), 
	"STATUS_PREGLEDA" VARCHAR2(500 BYTE), 
	"TERAPIJA" VARCHAR2(500 BYTE), 
	"DIJAGNOZA" VARCHAR2(100 BYTE), 
	"HRONICNA_DIJAG_" VARCHAR2(100 BYTE), 
	"DAT_KONTROLE" DATE, 
	"NAPOMENA" VARCHAR2(500 BYTE), 
	"DAT_POSETE" DATE, 
	"ZNAK_UPOZ" VARCHAR2(200 BYTE)
   ) SEGMENT CREATION IMMEDIATE 
  PCTFREE 10 PCTUSED 40 INITRANS 1 MAXTRANS 255 NOCOMPRESS LOGGING
  STORAGE(INITIAL 65536 NEXT 1048576 MINEXTENTS 1 MAXEXTENTS 2147483645
  PCTINCREASE 0 FREELISTS 1 FREELIST GROUPS 1 BUFFER_POOL DEFAULT FLASH_CACHE DEFAULT CELL_FLASH_CACHE DEFAULT)
  TABLESPACE "USERS" ;
--------------------------------------------------------
--  DDL for Table ZDRAVSTVENI_RADNIK
--------------------------------------------------------

  CREATE TABLE "E13080"."ZDRAVSTVENI_RADNIK" 
   (	"IME" VARCHAR2(30 BYTE), 
	"PRZ" VARCHAR2(30 BYTE), 
	"JMBGZR" CHAR(13 BYTE), 
	"TEL_ZR" VARCHAR2(20 BYTE), 
	"ADR_ZR" VARCHAR2(100 BYTE), 
	"ZANIMANJE_ZR" VARCHAR2(50 BYTE), 
	"ID_ZR" CHAR(8 BYTE), 
	"IDZU" CHAR(8 BYTE), 
	"DAT_RODJ" DATE
   ) SEGMENT CREATION IMMEDIATE 
  PCTFREE 10 PCTUSED 40 INITRANS 1 MAXTRANS 255 NOCOMPRESS LOGGING
  STORAGE(INITIAL 65536 NEXT 1048576 MINEXTENTS 1 MAXEXTENTS 2147483645
  PCTINCREASE 0 FREELISTS 1 FREELIST GROUPS 1 BUFFER_POOL DEFAULT FLASH_CACHE DEFAULT CELL_FLASH_CACHE DEFAULT)
  TABLESPACE "USERS" ;
REM INSERTING into E13080.ADMINZK
SET DEFINE OFF;
Insert into E13080.ADMINZK (USERA,PASSA) values ('admin','adminic');
REM INSERTING into E13080.BOLOVANJE
SET DEFINE OFF;
Insert into E13080.BOLOVANJE (JMBGZR,ID_ZR,JMBGP,ID_OBRASCA,ID_STATUSA_BOL,ID_VRSTE_BOL,POC_DATUM_BOL,KRAJ_DATUM_BOL,SPOLJ_UZROK,DIJAGNOZA,NALAZ,RECIDIV,TRECE_LICE,DAT_IZD_BOL) values ('0307956152401','DFHKLPR9','1107954152487','123321                                                                                              ','1','00',to_date('02-JUN-12','DD-MON-RR'),to_date('21-JUN-12','DD-MON-RR'),'d','dd','ddd',0,1,to_date('01-JUN-12','DD-MON-RR'));
Insert into E13080.BOLOVANJE (JMBGZR,ID_ZR,JMBGP,ID_OBRASCA,ID_STATUSA_BOL,ID_VRSTE_BOL,POC_DATUM_BOL,KRAJ_DATUM_BOL,SPOLJ_UZROK,DIJAGNOZA,NALAZ,RECIDIV,TRECE_LICE,DAT_IZD_BOL) values ('0307956152401','DFHKLPR9','1107954152487','123327                                                                                              ','1','00',to_date('02-JUN-12','DD-MON-RR'),to_date('21-JUN-12','DD-MON-RR'),'d','dd','ddd',0,1,to_date('01-JUN-12','DD-MON-RR'));
Insert into E13080.BOLOVANJE (JMBGZR,ID_ZR,JMBGP,ID_OBRASCA,ID_STATUSA_BOL,ID_VRSTE_BOL,POC_DATUM_BOL,KRAJ_DATUM_BOL,SPOLJ_UZROK,DIJAGNOZA,NALAZ,RECIDIV,TRECE_LICE,DAT_IZD_BOL) values ('0307956152401','DFHKLPR9','1107954152487','323327                                                                                              ','1','00',to_date('02-JUN-12','DD-MON-RR'),to_date('21-JUN-12','DD-MON-RR'),'d','dd','ddd',0,1,to_date('01-JUN-12','DD-MON-RR'));
Insert into E13080.BOLOVANJE (JMBGZR,ID_ZR,JMBGP,ID_OBRASCA,ID_STATUSA_BOL,ID_VRSTE_BOL,POC_DATUM_BOL,KRAJ_DATUM_BOL,SPOLJ_UZROK,DIJAGNOZA,NALAZ,RECIDIV,TRECE_LICE,DAT_IZD_BOL) values ('0307956152401','DFHKLPR9','1107954152487','623327                                                                                              ','1','00',to_date('02-JUN-12','DD-MON-RR'),to_date('21-JUN-12','DD-MON-RR'),'d','dd','ddd',0,1,to_date('01-JUN-12','DD-MON-RR'));
Insert into E13080.BOLOVANJE (JMBGZR,ID_ZR,JMBGP,ID_OBRASCA,ID_STATUSA_BOL,ID_VRSTE_BOL,POC_DATUM_BOL,KRAJ_DATUM_BOL,SPOLJ_UZROK,DIJAGNOZA,NALAZ,RECIDIV,TRECE_LICE,DAT_IZD_BOL) values ('0307956152401','DFHKLPR9','1107954152487','YSGGUL                                                                                              ','4','10',to_date('01-JUN-12','DD-MON-RR'),to_date('10-JUN-12','DD-MON-RR'),'uu','uuu','uuuu',0,0,to_date('09-JUN-13','DD-MON-RR'));
Insert into E13080.BOLOVANJE (JMBGZR,ID_ZR,JMBGP,ID_OBRASCA,ID_STATUSA_BOL,ID_VRSTE_BOL,POC_DATUM_BOL,KRAJ_DATUM_BOL,SPOLJ_UZROK,DIJAGNOZA,NALAZ,RECIDIV,TRECE_LICE,DAT_IZD_BOL) values ('0307956152401','DFHKLPR9','1107954152487','GZESJH                                                                                              ','4','10',to_date('01-JUL-13','DD-MON-RR'),to_date('31-JUL-13','DD-MON-RR'),'j','jj','jjj',0,0,to_date('09-JUN-13','DD-MON-RR'));
REM INSERTING into E13080.IMA_SPEC
SET DEFINE OFF;
REM INSERTING into E13080.IMA_ZARAZNU_BOLEST
SET DEFINE OFF;
REM INSERTING into E13080.IZBOR_LEKARA
SET DEFINE OFF;
Insert into E13080.IZBOR_LEKARA (JMBGZR,ID_ZR,JMBGP,IDRAZL,DATUM_IZBORA) values ('0307956152403','PFHKLPR9','6666666666666','00',to_date('14-JUN-13','DD-MON-RR'));
Insert into E13080.IZBOR_LEKARA (JMBGZR,ID_ZR,JMBGP,IDRAZL,DATUM_IZBORA) values ('0307956152403','PFHKLPR9','3333333333333','00',to_date('14-JUN-13','DD-MON-RR'));
Insert into E13080.IZBOR_LEKARA (JMBGZR,ID_ZR,JMBGP,IDRAZL,DATUM_IZBORA) values ('0307956152401','DFHKLPR9','4444444444444','00',to_date('15-JUN-13','DD-MON-RR'));
Insert into E13080.IZBOR_LEKARA (JMBGZR,ID_ZR,JMBGP,IDRAZL,DATUM_IZBORA) values ('0307956152402','EFHKLPR9','9999999999999','00',to_date('15-JUN-13','DD-MON-RR'));
Insert into E13080.IZBOR_LEKARA (JMBGZR,ID_ZR,JMBGP,IDRAZL,DATUM_IZBORA) values ('7006552211000','70042213','8798412749861','00',to_date('15-JUN-13','DD-MON-RR'));
Insert into E13080.IZBOR_LEKARA (JMBGZR,ID_ZR,JMBGP,IDRAZL,DATUM_IZBORA) values ('7006552211000','70042213','1111111111111','00',to_date('16-JUN-13','DD-MON-RR'));
Insert into E13080.IZBOR_LEKARA (JMBGZR,ID_ZR,JMBGP,IDRAZL,DATUM_IZBORA) values ('0307956152403','PFHKLPR9','7777777777777','00',to_date('15-JUN-13','DD-MON-RR'));
Insert into E13080.IZBOR_LEKARA (JMBGZR,ID_ZR,JMBGP,IDRAZL,DATUM_IZBORA) values ('7006552211000','70042213','4444444444444','00',to_date('18-JUN-13','DD-MON-RR'));
REM INSERTING into E13080.LEK
SET DEFINE OFF;
Insert into E13080.LEK (NAZLEK,OR_KOLICINA_LEKA,SIFL) values ('Aspirin',250,'1210005');
Insert into E13080.LEK (NAZLEK,OR_KOLICINA_LEKA,SIFL) values ('Penicilin',300,'9166205');
Insert into E13080.LEK (NAZLEK,OR_KOLICINA_LEKA,SIFL) values ('Panklav',500,'6874267');
Insert into E13080.LEK (NAZLEK,OR_KOLICINA_LEKA,SIFL) values ('Rupurut',500,'5568748');
Insert into E13080.LEK (NAZLEK,OR_KOLICINA_LEKA,SIFL) values ('Bromazepan',400,'7960412');
REM INSERTING into E13080.LEKAR_OPSTE_MEDICINE
SET DEFINE OFF;
Insert into E13080.LEKAR_OPSTE_MEDICINE (JMBGZR,ID_ZR,IDZU,IME,PRZ,TEL_ZR,ADR_ZR,ZANIMANJE_ZR,DAT_RODJ) values ('7006552211000','70042213','GCKUJKWB','sinisa','sikic','755411','jsa as sa','Lekar opšte medicine',null);
Insert into E13080.LEKAR_OPSTE_MEDICINE (JMBGZR,ID_ZR,IDZU,IME,PRZ,TEL_ZR,ADR_ZR,ZANIMANJE_ZR,DAT_RODJ) values ('0307956152401','DFHKLPR9','GCKUJKWB','Petar','Petric','0038121526615','Masarikova 3, Novi Sad ','lekar opste medicine',null);
Insert into E13080.LEKAR_OPSTE_MEDICINE (JMBGZR,ID_ZR,IDZU,IME,PRZ,TEL_ZR,ADR_ZR,ZANIMANJE_ZR,DAT_RODJ) values ('0307956152402','EFHKLPR9','GCKUJKWB','Jova','Jovic','0038121526615','Beogradski kej 22, Novi Sad ','lekar opste medicine',null);
Insert into E13080.LEKAR_OPSTE_MEDICINE (JMBGZR,ID_ZR,IDZU,IME,PRZ,TEL_ZR,ADR_ZR,ZANIMANJE_ZR,DAT_RODJ) values ('0307956152403','PFHKLPR9','GCKUJKWB','Ivana','Ivic','0038121526618','Vase Stajica 10, Novi Sad','lekar opste medicine',null);
Insert into E13080.LEKAR_OPSTE_MEDICINE (JMBGZR,ID_ZR,IDZU,IME,PRZ,TEL_ZR,ADR_ZR,ZANIMANJE_ZR,DAT_RODJ) values ('1554444488888','11155544','GCKUJKWB','d','a','7466','qq ww e','Lekar opšte medicine',null);
REM INSERTING into E13080.LEKAR_SPECIJALISTA
SET DEFINE OFF;
Insert into E13080.LEKAR_SPECIJALISTA (JMBGZR,ID_ZR,IDZU,IME,PRZ,TEL_ZR,ADR_ZR,ZANIMANJE_ZR,DAT_RODJ) values ('0509982146352','PC4CSI8H','GCKUJKWB','Jova','Jovic','038121554713','Gogoljeva 3, Novi Sad','lekar specijalista',null);
REM INSERTING into E13080.NALAZ
SET DEFINE OFF;
REM INSERTING into E13080.PACIJENT
SET DEFINE OFF;
Insert into E13080.PACIJENT (IMEP,PRZP,JMBGP,ADRP,DATRP,POLP,DRZP,ZANIMANJEP,POSAOP,BRTELP,BRZK,NOSOSIG,LBO,PARTICIP,FAKTURA) values ('a','a','6666666666666','e e',to_date('11-OCT-87','DD-MON-RR'),'z','e','e','e',12345,'77777777777','e','88888888888',1,'e');
Insert into E13080.PACIJENT (IMEP,PRZP,JMBGP,ADRP,DATRP,POLP,DRZP,ZANIMANJEP,POSAOP,BRTELP,BRZK,NOSOSIG,LBO,PARTICIP,FAKTURA) values ('a','a','3333333333333','a a',to_date('11-JUN-80','DD-MON-RR'),'z','a','a','a',1323,'66666666666','o','88888888888',1,'o');
Insert into E13080.PACIJENT (IMEP,PRZP,JMBGP,ADRP,DATRP,POLP,DRZP,ZANIMANJEP,POSAOP,BRTELP,BRZK,NOSOSIG,LBO,PARTICIP,FAKTURA) values ('e','e','4444444444444','e e',to_date('11-OCT-88','DD-MON-RR'),'z','e','e','e',123,'55555555555','e','33333333333',1,'e');
Insert into E13080.PACIJENT (IMEP,PRZP,JMBGP,ADRP,DATRP,POLP,DRZP,ZANIMANJEP,POSAOP,BRTELP,BRZK,NOSOSIG,LBO,PARTICIP,FAKTURA) values ('t','t','9999999999999','t t',to_date('12-FEB-50','DD-MON-RR'),'z','t','t','t',431,'88888888888','t','77777777777',0,'t');
Insert into E13080.PACIJENT (IMEP,PRZP,JMBGP,ADRP,DATRP,POLP,DRZP,ZANIMANJEP,POSAOP,BRTELP,BRZK,NOSOSIG,LBO,PARTICIP,FAKTURA) values ('kl','kl','8798412749861','kl kl',to_date('13-JUN-70','DD-MON-RR'),'z','kl','kl','kl',785984,'98741557414','kl kl','68746331026',1,'kl kl');
Insert into E13080.PACIJENT (IMEP,PRZP,JMBGP,ADRP,DATRP,POLP,DRZP,ZANIMANJEP,POSAOP,BRTELP,BRZK,NOSOSIG,LBO,PARTICIP,FAKTURA) values ('q','q','1111111111111','qq q',to_date('01-JUN-00','DD-MON-RR'),'z','q','q','q',22222,'33333333333','f','44444444444',1,'q');
Insert into E13080.PACIJENT (IMEP,PRZP,JMBGP,ADRP,DATRP,POLP,DRZP,ZANIMANJEP,POSAOP,BRTELP,BRZK,NOSOSIG,LBO,PARTICIP,FAKTURA) values ('a','a','7777777777777','a a',to_date('11-JUN-87','DD-MON-RR'),'z','a','a','a',123321,'88888888888','ewd','99999999999',1,'aa');
REM INSERTING into E13080.POMAGALO
SET DEFINE OFF;
REM INSERTING into E13080.PREPISANO_POMAGALO
SET DEFINE OFF;
REM INSERTING into E13080.PRIJEM_PACIJENTA
SET DEFINE OFF;
Insert into E13080.PRIJEM_PACIJENTA (DATUM_PRIJEMA,ID_PRIJEMA,JMBGZR,ID_ZR,JMBGP) values (to_date('12-JUN-13','DD-MON-RR'),'RRMOD','0307956152403','PFHKLPR9','6666666666666');
Insert into E13080.PRIJEM_PACIJENTA (DATUM_PRIJEMA,ID_PRIJEMA,JMBGZR,ID_ZR,JMBGP) values (to_date('13-JUN-13','DD-MON-RR'),'XXQGU','7006552211000','70042213','8798412749861');
Insert into E13080.PRIJEM_PACIJENTA (DATUM_PRIJEMA,ID_PRIJEMA,JMBGZR,ID_ZR,JMBGP) values (to_date('16-JUN-13','DD-MON-RR'),'DCPOP','0307956152403','PFHKLPR9','3333333333333');
Insert into E13080.PRIJEM_PACIJENTA (DATUM_PRIJEMA,ID_PRIJEMA,JMBGZR,ID_ZR,JMBGP) values (to_date('17-JUN-13','DD-MON-RR'),'XWRGX','7006552211000','70042213','1111111111111');
Insert into E13080.PRIJEM_PACIJENTA (DATUM_PRIJEMA,ID_PRIJEMA,JMBGZR,ID_ZR,JMBGP) values (to_date('18-JUN-13','DD-MON-RR'),'RJPJJ','7006552211000','70042213','4444444444444');
REM INSERTING into E13080.PRIMA_VAKCINU
SET DEFINE OFF;
Insert into E13080.PRIMA_VAKCINU (ID_VAKCINE,JMBGP) values ('0XU5E','3333333333333');
Insert into E13080.PRIMA_VAKCINU (ID_VAKCINE,JMBGP) values ('CVK1A','7777777777777');
Insert into E13080.PRIMA_VAKCINU (ID_VAKCINE,JMBGP) values ('W9NL9','1111111111111');
Insert into E13080.PRIMA_VAKCINU (ID_VAKCINE,JMBGP) values ('W9NL9','7777777777777');
REM INSERTING into E13080.PROPISUJE
SET DEFINE OFF;
Insert into E13080.PROPISUJE (JMBGZR,ID_ZR,JMBGP,SIFL,PROP__KOLICINA_LEKA) values ('0307956152401','DFHKLPR9','1107954152487','9166205',150);
Insert into E13080.PROPISUJE (JMBGZR,ID_ZR,JMBGP,SIFL,PROP__KOLICINA_LEKA) values ('0307956152401','DFHKLPR9','1107954152487','1210005',250);
Insert into E13080.PROPISUJE (JMBGZR,ID_ZR,JMBGP,SIFL,PROP__KOLICINA_LEKA) values ('0307956152401','DFHKLPR9','1107954152487','6874267',500);
Insert into E13080.PROPISUJE (JMBGZR,ID_ZR,JMBGP,SIFL,PROP__KOLICINA_LEKA) values ('0307956152401','DFHKLPR9','1107954152487','5568748',500);
Insert into E13080.PROPISUJE (JMBGZR,ID_ZR,JMBGP,SIFL,PROP__KOLICINA_LEKA) values ('0307956152401','DFHKLPR9','1107954152487','7960412',400);
Insert into E13080.PROPISUJE (JMBGZR,ID_ZR,JMBGP,SIFL,PROP__KOLICINA_LEKA) values ('0307956152403','PFHKLPR9','2007954152455','5568748',400);
REM INSERTING into E13080.RAZLOG_IZBORA
SET DEFINE OFF;
Insert into E13080.RAZLOG_IZBORA (IDRAZL,NAZRAZL) values ('00','Izbor lekara');
Insert into E13080.RAZLOG_IZBORA (IDRAZL,NAZRAZL) values ('01','Promena lekara-Privremena spre?enost lekara');
Insert into E13080.RAZLOG_IZBORA (IDRAZL,NAZRAZL) values ('02','Promena lekara-Preseljenje lekara u drugu ustanovu');
Insert into E13080.RAZLOG_IZBORA (IDRAZL,NAZRAZL) values ('03','Promena lekara-Prestanak rada');
Insert into E13080.RAZLOG_IZBORA (IDRAZL,NAZRAZL) values ('04','Promena lekara-Službeni prekid');
REM INSERTING into E13080.RECEPT
SET DEFINE OFF;
Insert into E13080.RECEPT (SIFDIJ,DATIZD,IDREC,JMBGZR,ID_ZR,JMBGP,SIFL,PROP__KOLICINA_LEKA) values ('1111',to_date('15-JUN-13','DD-MON-RR'),'GUQZDBMOGVXW','0307956152401','DFHKLPR9','1107954152487','1210005',400);
Insert into E13080.RECEPT (SIFDIJ,DATIZD,IDREC,JMBGZR,ID_ZR,JMBGP,SIFL,PROP__KOLICINA_LEKA) values ('1232',to_date('17-JUN-13','DD-MON-RR'),'MUARBBKNEUZL','0307956152401','DFHKLPR9','1107954152487','6874267',400);
Insert into E13080.RECEPT (SIFDIJ,DATIZD,IDREC,JMBGZR,ID_ZR,JMBGP,SIFL,PROP__KOLICINA_LEKA) values ('1311',to_date('17-JUN-13','DD-MON-RR'),'OMHBDBGKRNUZ','7006552211000','70042213','1111111111111','6874267',400);
Insert into E13080.RECEPT (SIFDIJ,DATIZD,IDREC,JMBGZR,ID_ZR,JMBGP,SIFL,PROP__KOLICINA_LEKA) values ('1231',to_date('17-JUN-13','DD-MON-RR'),'DISOFNTKTWOA','7006552211000','70042213','1111111111111','7960412',400);
Insert into E13080.RECEPT (SIFDIJ,DATIZD,IDREC,JMBGZR,ID_ZR,JMBGP,SIFL,PROP__KOLICINA_LEKA) values ('I571',to_date('03-DEC-97','DD-MON-RR'),'11554429800 ','0307956152403','PFHKLPR9','2007954152455','5568748',450);
Insert into E13080.RECEPT (SIFDIJ,DATIZD,IDREC,JMBGZR,ID_ZR,JMBGP,SIFL,PROP__KOLICINA_LEKA) values ('S465',to_date('21-DEC-94','DD-MON-RR'),'123587451221','0307956152401','DFHKLPR9','1107954152487','7960412',300);
Insert into E13080.RECEPT (SIFDIJ,DATIZD,IDREC,JMBGZR,ID_ZR,JMBGP,SIFL,PROP__KOLICINA_LEKA) values ('I571',to_date('23-NOV-98','DD-MON-RR'),'11554429856 ','0307956152401','DFHKLPR9','1107954152487','5568748',450);
Insert into E13080.RECEPT (SIFDIJ,DATIZD,IDREC,JMBGZR,ID_ZR,JMBGP,SIFL,PROP__KOLICINA_LEKA) values ('1108',to_date('01-JAN-04','DD-MON-RR'),'125789655224','0307956152401','DFHKLPR9','1107954152487','9166205',200);
Insert into E13080.RECEPT (SIFDIJ,DATIZD,IDREC,JMBGZR,ID_ZR,JMBGP,SIFL,PROP__KOLICINA_LEKA) values ('5781',to_date('02-FEB-05','DD-MON-RR'),'215674569853','0307956152401','DFHKLPR9','1107954152487','1210005',100);
Insert into E13080.RECEPT (SIFDIJ,DATIZD,IDREC,JMBGZR,ID_ZR,JMBGP,SIFL,PROP__KOLICINA_LEKA) values ('A532',to_date('11-OCT-13','DD-MON-RR'),'215674569852','0307956152401','DFHKLPR9','1107954152487','6874267',400);
Insert into E13080.RECEPT (SIFDIJ,DATIZD,IDREC,JMBGZR,ID_ZR,JMBGP,SIFL,PROP__KOLICINA_LEKA) values ('1222',to_date('17-JUN-13','DD-MON-RR'),'AVMJDQJGRCLA','0307956152401','DFHKLPR9','1107954152487','9166205',400);
REM INSERTING into E13080.REGISTRACIJA
SET DEFINE OFF;
Insert into E13080.REGISTRACIJA (VRSTAKOR,IDODEL,IDZAP,IMEZAP,PRZZAP,JMBGZAP,TELZAP,ADRZAP,GRADZAP,DRZZAP,USERZAP,SIFRAZAP) values ('Lekar opšte medicine','0001','12332111','maja','pajic','1233211233211','555666','jaj','jaj','aja','DZNS','dzns');
Insert into E13080.REGISTRACIJA (VRSTAKOR,IDODEL,IDZAP,IMEZAP,PRZZAP,JMBGZAP,TELZAP,ADRZAP,GRADZAP,DRZZAP,USERZAP,SIFRAZAP) values ('Lekar opšte medicine','0001','12332112','maja','pajic','5223333331155','789966','lk','la','la','dzns','dzns');
Insert into E13080.REGISTRACIJA (VRSTAKOR,IDODEL,IDZAP,IMEZAP,PRZZAP,JMBGZAP,TELZAP,ADRZAP,GRADZAP,DRZZAP,USERZAP,SIFRAZAP) values ('Lekar opšte medicine','0001','70042213','sinisa','sikic','7006552211000','755411','jsa','as','sa','dzns2','dzns2');
Insert into E13080.REGISTRACIJA (VRSTAKOR,IDODEL,IDZAP,IMEZAP,PRZZAP,JMBGZAP,TELZAP,ADRZAP,GRADZAP,DRZZAP,USERZAP,SIFRAZAP) values ('Lekar specijalista','0002','AAABBBCC','Filip','Filipovic','1210980502010','0038121543365','Kosovska 1a','Novi Sad','Srbija','user','1233');
Insert into E13080.REGISTRACIJA (VRSTAKOR,IDODEL,IDZAP,IMEZAP,PRZZAP,JMBGZAP,TELZAP,ADRZAP,GRADZAP,DRZZAP,USERZAP,SIFRAZAP) values ('Lekar opšte medicine','0007','QQDDFFVV','F','F','7777777777777','879+79','FWF','DF','DD','FD','E');
Insert into E13080.REGISTRACIJA (VRSTAKOR,IDODEL,IDZAP,IMEZAP,PRZZAP,JMBGZAP,TELZAP,ADRZAP,GRADZAP,DRZZAP,USERZAP,SIFRAZAP) values ('Medicinska sestra/tehni?ar','0002','QQQQQQQQ','a','a','1111111111111','2333333333333','s','d','f','DZNS','w');
Insert into E13080.REGISTRACIJA (VRSTAKOR,IDODEL,IDZAP,IMEZAP,PRZZAP,JMBGZAP,TELZAP,ADRZAP,GRADZAP,DRZZAP,USERZAP,SIFRAZAP) values ('Lekar specijalista','0007','wwweeexs','qe','e','2333333333333','3123213123213','dc','df','f','DZNS','Rendgen');
Insert into E13080.REGISTRACIJA (VRSTAKOR,IDODEL,IDZAP,IMEZAP,PRZZAP,JMBGZAP,TELZAP,ADRZAP,GRADZAP,DRZZAP,USERZAP,SIFRAZAP) values ('Lekar opšte medicine','0001','11155544','d','a','1554444488888','7466','qq','ww','e','a','a');
REM INSERTING into E13080.SOBNI_LEKAR
SET DEFINE OFF;
Insert into E13080.SOBNI_LEKAR (JMBGZR,ID_ZR,IDZU,IME,PRZ,TEL_ZR,ADR_ZR,ZANIMANJE_ZR,ZDR_IDZU,DAT_RODJ) values ('7006552211000','70042213','GCKUJKWB','sinisa','sikic','755411','jsa as sa','Lekar opšte medicine',null,null);
Insert into E13080.SOBNI_LEKAR (JMBGZR,ID_ZR,IDZU,IME,PRZ,TEL_ZR,ADR_ZR,ZANIMANJE_ZR,ZDR_IDZU,DAT_RODJ) values ('0307956152401','DFHKLPR9','GCKUJKWB','Petar','Petric','0038121526615','Masarikova 3, Novi Sad ','lekar opste medicine',null,null);
Insert into E13080.SOBNI_LEKAR (JMBGZR,ID_ZR,IDZU,IME,PRZ,TEL_ZR,ADR_ZR,ZANIMANJE_ZR,ZDR_IDZU,DAT_RODJ) values ('0307956152402','EFHKLPR9','GCKUJKWB','Jova','Jovic','0038121526617','Beogradski kej 22, Novi Sad ','lekar opste medicine',null,null);
Insert into E13080.SOBNI_LEKAR (JMBGZR,ID_ZR,IDZU,IME,PRZ,TEL_ZR,ADR_ZR,ZANIMANJE_ZR,ZDR_IDZU,DAT_RODJ) values ('0307956152403','PFHKLPR9','GCKUJKWB','Ivana','Ivic','0038121526618','Vase Stajica 10, Novi Sad','lekar opste medicine',null,null);
Insert into E13080.SOBNI_LEKAR (JMBGZR,ID_ZR,IDZU,IME,PRZ,TEL_ZR,ADR_ZR,ZANIMANJE_ZR,ZDR_IDZU,DAT_RODJ) values ('0509982146352','PC4CSI8H','GCKUJKWB','Jova','Jovic','038121554713','Gogoljeva 3, Novi Sad ','lekar specijalista',null,null);
Insert into E13080.SOBNI_LEKAR (JMBGZR,ID_ZR,IDZU,IME,PRZ,TEL_ZR,ADR_ZR,ZANIMANJE_ZR,ZDR_IDZU,DAT_RODJ) values ('1554444488888','11155544','GCKUJKWB','d','a','7466','qq ww e','Lekar opšte medicine',null,null);
Insert into E13080.SOBNI_LEKAR (JMBGZR,ID_ZR,IDZU,IME,PRZ,TEL_ZR,ADR_ZR,ZANIMANJE_ZR,ZDR_IDZU,DAT_RODJ) values ('2222222222222','12388899','GCKUJKWB','kk','kk','544','dd ddd ddd','Lekar specijalista',null,null);
REM INSERTING into E13080.SPECIJALNOST
SET DEFINE OFF;
Insert into E13080.SPECIJALNOST (NAZSPEC,IDSPEC) values ('infektologija','0004');
Insert into E13080.SPECIJALNOST (NAZSPEC,IDSPEC) values ('interna medicina','0000');
Insert into E13080.SPECIJALNOST (NAZSPEC,IDSPEC) values ('psihijatrija','0001');
Insert into E13080.SPECIJALNOST (NAZSPEC,IDSPEC) values ('neurologija','0002');
Insert into E13080.SPECIJALNOST (NAZSPEC,IDSPEC) values ('hirurgija','0003');
REM INSERTING into E13080.SREDNJI_MEDICINSKI_KADAR
SET DEFINE OFF;
REM INSERTING into E13080.STATUS_BOLOVANJA
SET DEFINE OFF;
Insert into E13080.STATUS_BOLOVANJA (NAZIV_STATUSA,ID_STATUSA_BOL) values ('Zapo?eto i završeno','1');
Insert into E13080.STATUS_BOLOVANJA (NAZIV_STATUSA,ID_STATUSA_BOL) values ('Zapo?eto i nije završeno','2');
Insert into E13080.STATUS_BOLOVANJA (NAZIV_STATUSA,ID_STATUSA_BOL) values ('Nastavljeno i nije završeno','3');
Insert into E13080.STATUS_BOLOVANJA (NAZIV_STATUSA,ID_STATUSA_BOL) values ('Nastavljeno i završeno','4');
REM INSERTING into E13080.UPUT
SET DEFINE OFF;
Insert into E13080.UPUT (ID_UPUTA,ID_VRSTE_ANALIZE,IDSPEC,ID_VRSTE_UPUTA,JMBGZR,ID_ZR,JMBGP,DIJAGNOZA,RAZLOG_UPUT,DAT_IZD_UPUT,NAZIV_INSTITUCIJE) values ('AVCOEH',null,'0004','MYWOYJ','7006552211000','70042213','1111111111111','jt','jhgh',to_date('17-JUN-13','DD-MON-RR'),'sdfs');
Insert into E13080.UPUT (ID_UPUTA,ID_VRSTE_ANALIZE,IDSPEC,ID_VRSTE_UPUTA,JMBGZR,ID_ZR,JMBGP,DIJAGNOZA,RAZLOG_UPUT,DAT_IZD_UPUT,NAZIV_INSTITUCIJE) values ('WEJIRE','G0IBDG','0000','SCYCNL','0307956152403','PFHKLPR9','2007954152455','D022S7','8SO7',to_date('01-JAN-00','DD-MON-RR'),'ZZZR');
Insert into E13080.UPUT (ID_UPUTA,ID_VRSTE_ANALIZE,IDSPEC,ID_VRSTE_UPUTA,JMBGZR,ID_ZR,JMBGP,DIJAGNOZA,RAZLOG_UPUT,DAT_IZD_UPUT,NAZIV_INSTITUCIJE) values ('WEJIRS','G0IBDG','0003','SCYCNL','0307956152401','DFHKLPR9','1107954152487','D022S7','8SO7',to_date('01-JAN-10','DD-MON-RR'),'ZZZR');
Insert into E13080.UPUT (ID_UPUTA,ID_VRSTE_ANALIZE,IDSPEC,ID_VRSTE_UPUTA,JMBGZR,ID_ZR,JMBGP,DIJAGNOZA,RAZLOG_UPUT,DAT_IZD_UPUT,NAZIV_INSTITUCIJE) values ('EJIRE ','G0IBDG','0000','SCYCNL','0307956152403','PFHKLPR9','2007954152455','D022S7','8SO7',to_date('01-JUN-99','DD-MON-RR'),'ZZZR');
Insert into E13080.UPUT (ID_UPUTA,ID_VRSTE_ANALIZE,IDSPEC,ID_VRSTE_UPUTA,JMBGZR,ID_ZR,JMBGP,DIJAGNOZA,RAZLOG_UPUT,DAT_IZD_UPUT,NAZIV_INSTITUCIJE) values ('YFMKJN',null,'0000','MYWOYJ','0307956152401','DFHKLPR9','1107954152487','d','d',to_date('11-JUN-12','DD-MON-RR'),'ww');
Insert into E13080.UPUT (ID_UPUTA,ID_VRSTE_ANALIZE,IDSPEC,ID_VRSTE_UPUTA,JMBGZR,ID_ZR,JMBGP,DIJAGNOZA,RAZLOG_UPUT,DAT_IZD_UPUT,NAZIV_INSTITUCIJE) values ('WBHUAK',null,'0004','MYWOYJ','7006552211000','70042213','1111111111111','dd','dd',to_date('18-JUN-13','DD-MON-RR'),'hg');
Insert into E13080.UPUT (ID_UPUTA,ID_VRSTE_ANALIZE,IDSPEC,ID_VRSTE_UPUTA,JMBGZR,ID_ZR,JMBGP,DIJAGNOZA,RAZLOG_UPUT,DAT_IZD_UPUT,NAZIV_INSTITUCIJE) values ('PKFJCC',null,'0000','MYWOYJ','0307956152401','DFHKLPR9','1107954152487','dssd','sd',to_date('17-JUN-13','DD-MON-RR'),'as');
REM INSERTING into E13080.VAKCINA
SET DEFINE OFF;
Insert into E13080.VAKCINA (ID_VAKCINE,VRSTA_VAKCINE,REVAKCINA,NPOMENA_VAKC,STAROST_PAC) values ('CVK1A','SHB',0,null,1);
Insert into E13080.VAKCINA (ID_VAKCINE,VRSTA_VAKCINE,REVAKCINA,NPOMENA_VAKC,STAROST_PAC) values ('W9NL9','BCG',0,null,0);
Insert into E13080.VAKCINA (ID_VAKCINE,VRSTA_VAKCINE,REVAKCINA,NPOMENA_VAKC,STAROST_PAC) values ('1SNIK','DTP',0,null,11);
Insert into E13080.VAKCINA (ID_VAKCINE,VRSTA_VAKCINE,REVAKCINA,NPOMENA_VAKC,STAROST_PAC) values ('0XU5E','TT',0,null,40);
REM INSERTING into E13080.VRSTA_ANALIZE
SET DEFINE OFF;
Insert into E13080.VRSTA_ANALIZE (ID_VRSTE_ANALIZE,NAZIV_VRSTE_ANALIZE) values ('G0IBDG','sedimentacija');
Insert into E13080.VRSTA_ANALIZE (ID_VRSTE_ANALIZE,NAZIV_VRSTE_ANALIZE) values ('5F3BS7','KKS');
Insert into E13080.VRSTA_ANALIZE (ID_VRSTE_ANALIZE,NAZIV_VRSTE_ANALIZE) values ('95YKLO','SUK');
Insert into E13080.VRSTA_ANALIZE (ID_VRSTE_ANALIZE,NAZIV_VRSTE_ANALIZE) values ('7H4KB0','UREA');
Insert into E13080.VRSTA_ANALIZE (ID_VRSTE_ANALIZE,NAZIV_VRSTE_ANALIZE) values ('R84AU8','kreatinin');
REM INSERTING into E13080.VRSTA_BOLOVANJA
SET DEFINE OFF;
Insert into E13080.VRSTA_BOLOVANJA (ID_VRSTE_BOL,NAZIV_VRSTE_BOL) values ('00','BOLEST');
Insert into E13080.VRSTA_BOLOVANJA (ID_VRSTE_BOL,NAZIV_VRSTE_BOL) values ('01','IZOACIJA');
Insert into E13080.VRSTA_BOLOVANJA (ID_VRSTE_BOL,NAZIV_VRSTE_BOL) values ('02','PRATILAC');
Insert into E13080.VRSTA_BOLOVANJA (ID_VRSTE_BOL,NAZIV_VRSTE_BOL) values ('03','DAVALAC KRVI');
Insert into E13080.VRSTA_BOLOVANJA (ID_VRSTE_BOL,NAZIV_VRSTE_BOL) values ('04','DAVALAC TKIVA I ORGANA');
Insert into E13080.VRSTA_BOLOVANJA (ID_VRSTE_BOL,NAZIV_VRSTE_BOL) values ('05','NESRE?A NA RADU');
Insert into E13080.VRSTA_BOLOVANJA (ID_VRSTE_BOL,NAZIV_VRSTE_BOL) values ('06','NESRE?A VAN RADA');
Insert into E13080.VRSTA_BOLOVANJA (ID_VRSTE_BOL,NAZIV_VRSTE_BOL) values ('07','NEGA DETETA DO 3 GODINE');
Insert into E13080.VRSTA_BOLOVANJA (ID_VRSTE_BOL,NAZIV_VRSTE_BOL) values ('08','NEGA DETETA PREKO 3 GODINE');
Insert into E13080.VRSTA_BOLOVANJA (ID_VRSTE_BOL,NAZIV_VRSTE_BOL) values ('09','NEGA DRUGOG OBOLELOG ?LANA');
Insert into E13080.VRSTA_BOLOVANJA (ID_VRSTE_BOL,NAZIV_VRSTE_BOL) values ('10','PORODILJSKO ODSUSTVO');
REM INSERTING into E13080.VRSTA_ODELJENJA
SET DEFINE OFF;
Insert into E13080.VRSTA_ODELJENJA (NAZODEL,IDODEL) values ('Opšta medicina','0001');
Insert into E13080.VRSTA_ODELJENJA (NAZODEL,IDODEL) values ('Ginekologija','0002');
Insert into E13080.VRSTA_ODELJENJA (NAZODEL,IDODEL) values ('Psihijatrija','0003');
Insert into E13080.VRSTA_ODELJENJA (NAZODEL,IDODEL) values ('ORL','0004');
Insert into E13080.VRSTA_ODELJENJA (NAZODEL,IDODEL) values ('Interno','0005');
Insert into E13080.VRSTA_ODELJENJA (NAZODEL,IDODEL) values ('Laboratorija','0006');
Insert into E13080.VRSTA_ODELJENJA (NAZODEL,IDODEL) values ('Rendgen','0007');
REM INSERTING into E13080.VRSTA_UPUTA
SET DEFINE OFF;
Insert into E13080.VRSTA_UPUTA (ID_VRSTE_UPUTA,NAZIV_VRSTE_UPUTA) values ('MYWOYJ','Uput lekaru specijalisti');
Insert into E13080.VRSTA_UPUTA (ID_VRSTE_UPUTA,NAZIV_VRSTE_UPUTA) values ('WE3MV5','Uput za laboratoriju');
Insert into E13080.VRSTA_UPUTA (ID_VRSTE_UPUTA,NAZIV_VRSTE_UPUTA) values ('Y6IIOQ','Uput na lekarsku komisiju');
Insert into E13080.VRSTA_UPUTA (ID_VRSTE_UPUTA,NAZIV_VRSTE_UPUTA) values ('SCYCNL','Interni uput');
Insert into E13080.VRSTA_UPUTA (ID_VRSTE_UPUTA,NAZIV_VRSTE_UPUTA) values ('VEM1AC','Potvrda o otvaranju bolovanja');
REM INSERTING into E13080.ZARAZNA_BOLEST
SET DEFINE OFF;
REM INSERTING into E13080.ZDRAVSTVENA_USTANOVA
SET DEFINE OFF;
Insert into E13080.ZDRAVSTVENA_USTANOVA (NAZZU,IDZU,ZDR_IDZU,ADRU,DATOSU) values ('ZZZZR Signal','GCKUJKWB',null,'Maksima Gorkog 15, Novi Sad ',to_date('01-JAN-04','DD-MON-RR'));
REM INSERTING into E13080.ZDRAVSTVENI_KARTON
SET DEFINE OFF;
Insert into E13080.ZDRAVSTVENI_KARTON (BR_ZK,IDREC,ID_NALAZA,ID_POMAGALA,ID_UPUTA,JMBGZR,ID_ZR,JMBGP,ANAMNEZA,STATUS_PREGLEDA,TERAPIJA,DIJAGNOZA,HRONICNA_DIJAG_,DAT_KONTROLE,NAPOMENA,DAT_POSETE,ZNAK_UPOZ) values ('IQIUUP',null,null,null,null,'7006552211000','70042213','8798412749861','rg','fsg','dfs','212.31 sdvf','dfs',to_date('21-JUN-13','DD-MON-RR'),'ds',to_date('15-JUN-13','DD-MON-RR'),'d');
Insert into E13080.ZDRAVSTVENI_KARTON (BR_ZK,IDREC,ID_NALAZA,ID_POMAGALA,ID_UPUTA,JMBGZR,ID_ZR,JMBGP,ANAMNEZA,STATUS_PREGLEDA,TERAPIJA,DIJAGNOZA,HRONICNA_DIJAG_,DAT_KONTROLE,NAPOMENA,DAT_POSETE,ZNAK_UPOZ) values ('VZGQBI',null,null,null,null,'7006552211000','70042213','8798412749861','fgs','fgd','fs','111.11 sf','fd',to_date('21-JUN-13','DD-MON-RR'),'df',to_date('15-JUN-13','DD-MON-RR'),'df');
Insert into E13080.ZDRAVSTVENI_KARTON (BR_ZK,IDREC,ID_NALAZA,ID_POMAGALA,ID_UPUTA,JMBGZR,ID_ZR,JMBGP,ANAMNEZA,STATUS_PREGLEDA,TERAPIJA,DIJAGNOZA,HRONICNA_DIJAG_,DAT_KONTROLE,NAPOMENA,DAT_POSETE,ZNAK_UPOZ) values ('RIYPAK',null,null,null,null,'7006552211000','70042213','8798412749861','d','d','dd','222.22 d','d',to_date('12-JUL-13','DD-MON-RR'),'d',to_date('15-JUN-13','DD-MON-RR'),'d');
Insert into E13080.ZDRAVSTVENI_KARTON (BR_ZK,IDREC,ID_NALAZA,ID_POMAGALA,ID_UPUTA,JMBGZR,ID_ZR,JMBGP,ANAMNEZA,STATUS_PREGLEDA,TERAPIJA,DIJAGNOZA,HRONICNA_DIJAG_,DAT_KONTROLE,NAPOMENA,DAT_POSETE,ZNAK_UPOZ) values ('KUKKNT',null,null,null,null,'7006552211000','70042213','8798412749861','dsw','sad','sad','333.33 sa','dssasadasd',to_date('11-JUL-13','DD-MON-RR'),'qwq',to_date('15-JUN-13','DD-MON-RR'),'qwe');
Insert into E13080.ZDRAVSTVENI_KARTON (BR_ZK,IDREC,ID_NALAZA,ID_POMAGALA,ID_UPUTA,JMBGZR,ID_ZR,JMBGP,ANAMNEZA,STATUS_PREGLEDA,TERAPIJA,DIJAGNOZA,HRONICNA_DIJAG_,DAT_KONTROLE,NAPOMENA,DAT_POSETE,ZNAK_UPOZ) values ('LPOUHB',null,null,null,null,'7006552211000','70042213','8798412749861','d','sad','sd','444.44 ds','d',to_date('11-JUN-14','DD-MON-RR'),'d',to_date('15-JUN-13','DD-MON-RR'),'d');
Insert into E13080.ZDRAVSTVENI_KARTON (BR_ZK,IDREC,ID_NALAZA,ID_POMAGALA,ID_UPUTA,JMBGZR,ID_ZR,JMBGP,ANAMNEZA,STATUS_PREGLEDA,TERAPIJA,DIJAGNOZA,HRONICNA_DIJAG_,DAT_KONTROLE,NAPOMENA,DAT_POSETE,ZNAK_UPOZ) values ('TCWIGO',null,null,null,null,'7006552211000','70042213','8798412749861','df','ds','fd','555.55 dfs','fds',to_date('11-JAN-14','DD-MON-RR'),'dfs',to_date('15-JUN-13','DD-MON-RR'),'fsd');
Insert into E13080.ZDRAVSTVENI_KARTON (BR_ZK,IDREC,ID_NALAZA,ID_POMAGALA,ID_UPUTA,JMBGZR,ID_ZR,JMBGP,ANAMNEZA,STATUS_PREGLEDA,TERAPIJA,DIJAGNOZA,HRONICNA_DIJAG_,DAT_KONTROLE,NAPOMENA,DAT_POSETE,ZNAK_UPOZ) values ('YSRYGM',null,null,null,null,'7006552211000','70042213','8798412749861','liu','iu','iu','555.55 iu','iu',to_date('11-JUN-14','DD-MON-RR'),'iu',to_date('15-JUN-13','DD-MON-RR'),'iu');
Insert into E13080.ZDRAVSTVENI_KARTON (BR_ZK,IDREC,ID_NALAZA,ID_POMAGALA,ID_UPUTA,JMBGZR,ID_ZR,JMBGP,ANAMNEZA,STATUS_PREGLEDA,TERAPIJA,DIJAGNOZA,HRONICNA_DIJAG_,DAT_KONTROLE,NAPOMENA,DAT_POSETE,ZNAK_UPOZ) values ('EJJMUI',null,null,null,null,'7006552211000','70042213','8798412749861','gfd','fd','dfs','444.44 df','dsf',to_date('11-JAN-14','DD-MON-RR'),'ew',to_date('15-JUN-13','DD-MON-RR'),'ew');
REM INSERTING into E13080.ZDRAVSTVENI_RADNIK
SET DEFINE OFF;
Insert into E13080.ZDRAVSTVENI_RADNIK (IME,PRZ,JMBGZR,TEL_ZR,ADR_ZR,ZANIMANJE_ZR,ID_ZR,IDZU,DAT_RODJ) values ('sinisa','sikic','7006552211000','755411','jsa as sa','Lekar opšte medicine','70042213','GCKUJKWB',null);
Insert into E13080.ZDRAVSTVENI_RADNIK (IME,PRZ,JMBGZR,TEL_ZR,ADR_ZR,ZANIMANJE_ZR,ID_ZR,IDZU,DAT_RODJ) values ('Petar','Petric','0307956152401','0038121526615','Masarikova 3, Novi Sad','lekar opste medicine','DFHKLPR9','GCKUJKWB',null);
Insert into E13080.ZDRAVSTVENI_RADNIK (IME,PRZ,JMBGZR,TEL_ZR,ADR_ZR,ZANIMANJE_ZR,ID_ZR,IDZU,DAT_RODJ) values ('Jova','Jovic','0307956152402','0038121526617','Beogradski kej 22, Novi Sad','lekar opste medicine','EFHKLPR9','GCKUJKWB',null);
Insert into E13080.ZDRAVSTVENI_RADNIK (IME,PRZ,JMBGZR,TEL_ZR,ADR_ZR,ZANIMANJE_ZR,ID_ZR,IDZU,DAT_RODJ) values ('Ivana','Ivic','0307956152403','0038121526618','Vase Stajica 10, Novi Sad','lekar opste medicine','PFHKLPR9','GCKUJKWB',null);
Insert into E13080.ZDRAVSTVENI_RADNIK (IME,PRZ,JMBGZR,TEL_ZR,ADR_ZR,ZANIMANJE_ZR,ID_ZR,IDZU,DAT_RODJ) values ('Jova','Jovic','0509982146352','038121554713','Gogoljeva 3, Novi Sad','lekar specijalista','PC4CSI8H','GCKUJKWB',null);
Insert into E13080.ZDRAVSTVENI_RADNIK (IME,PRZ,JMBGZR,TEL_ZR,ADR_ZR,ZANIMANJE_ZR,ID_ZR,IDZU,DAT_RODJ) values ('d','a','1554444488888','7466','qq ww e','Lekar opšte medicine','11155544','GCKUJKWB',null);
Insert into E13080.ZDRAVSTVENI_RADNIK (IME,PRZ,JMBGZR,TEL_ZR,ADR_ZR,ZANIMANJE_ZR,ID_ZR,IDZU,DAT_RODJ) values ('kk','kk','2222222222222','544','dd ddd ddd','Lekar specijalista','12388899','GCKUJKWB',null);
--------------------------------------------------------
--  DDL for Index RADI_FK
--------------------------------------------------------

  CREATE INDEX "E13080"."RADI_FK" ON "E13080"."ZDRAVSTVENI_RADNIK" ("IDZU") 
  PCTFREE 10 INITRANS 2 MAXTRANS 255 COMPUTE STATISTICS 
  STORAGE(INITIAL 65536 NEXT 1048576 MINEXTENTS 1 MAXEXTENTS 2147483645
  PCTINCREASE 0 FREELISTS 1 FREELIST GROUPS 1 BUFFER_POOL DEFAULT FLASH_CACHE DEFAULT CELL_FLASH_CACHE DEFAULT)
  TABLESPACE "USERS" ;
--------------------------------------------------------
--  DDL for Index PK_ZDRAVSTVENI_KARTON
--------------------------------------------------------

  CREATE UNIQUE INDEX "E13080"."PK_ZDRAVSTVENI_KARTON" ON "E13080"."ZDRAVSTVENI_KARTON" ("BR_ZK") 
  PCTFREE 10 INITRANS 2 MAXTRANS 255 COMPUTE STATISTICS 
  STORAGE(INITIAL 65536 NEXT 1048576 MINEXTENTS 1 MAXEXTENTS 2147483645
  PCTINCREASE 0 FREELISTS 1 FREELIST GROUPS 1 BUFFER_POOL DEFAULT FLASH_CACHE DEFAULT CELL_FLASH_CACHE DEFAULT)
  TABLESPACE "USERS" ;
--------------------------------------------------------
--  DDL for Index PK_SREDNJI_MEDICINSKI_KADAR
--------------------------------------------------------

  CREATE UNIQUE INDEX "E13080"."PK_SREDNJI_MEDICINSKI_KADAR" ON "E13080"."SREDNJI_MEDICINSKI_KADAR" ("JMBGZR", "ID_ZR") 
  PCTFREE 10 INITRANS 2 MAXTRANS 255 COMPUTE STATISTICS 
  STORAGE(INITIAL 65536 NEXT 1048576 MINEXTENTS 1 MAXEXTENTS 2147483645
  PCTINCREASE 0 FREELISTS 1 FREELIST GROUPS 1 BUFFER_POOL DEFAULT FLASH_CACHE DEFAULT CELL_FLASH_CACHE DEFAULT)
  TABLESPACE "USERS" ;
--------------------------------------------------------
--  DDL for Index PK_PRIMA_VAKCINU
--------------------------------------------------------

  CREATE UNIQUE INDEX "E13080"."PK_PRIMA_VAKCINU" ON "E13080"."PRIMA_VAKCINU" ("ID_VAKCINE", "JMBGP") 
  PCTFREE 10 INITRANS 2 MAXTRANS 255 COMPUTE STATISTICS 
  STORAGE(INITIAL 65536 NEXT 1048576 MINEXTENTS 1 MAXEXTENTS 2147483645
  PCTINCREASE 0 FREELISTS 1 FREELIST GROUPS 1 BUFFER_POOL DEFAULT FLASH_CACHE DEFAULT CELL_FLASH_CACHE DEFAULT)
  TABLESPACE "USERS" ;
--------------------------------------------------------
--  DDL for Index IZDAT_NALAZ_FK
--------------------------------------------------------

  CREATE INDEX "E13080"."IZDAT_NALAZ_FK" ON "E13080"."NALAZ" ("JMBGP") 
  PCTFREE 10 INITRANS 2 MAXTRANS 255 COMPUTE STATISTICS 
  STORAGE(INITIAL 65536 NEXT 1048576 MINEXTENTS 1 MAXEXTENTS 2147483645
  PCTINCREASE 0 FREELISTS 1 FREELIST GROUPS 1 BUFFER_POOL DEFAULT FLASH_CACHE DEFAULT CELL_FLASH_CACHE DEFAULT)
  TABLESPACE "USERS" ;
--------------------------------------------------------
--  DDL for Index PRIMA_VAKCINU_FK
--------------------------------------------------------

  CREATE INDEX "E13080"."PRIMA_VAKCINU_FK" ON "E13080"."PRIMA_VAKCINU" ("ID_VAKCINE") 
  PCTFREE 10 INITRANS 2 MAXTRANS 255 COMPUTE STATISTICS 
  STORAGE(INITIAL 65536 NEXT 1048576 MINEXTENTS 1 MAXEXTENTS 2147483645
  PCTINCREASE 0 FREELISTS 1 FREELIST GROUPS 1 BUFFER_POOL DEFAULT FLASH_CACHE DEFAULT CELL_FLASH_CACHE DEFAULT)
  TABLESPACE "USERS" ;
--------------------------------------------------------
--  DDL for Index PK_REGISTRACIJA
--------------------------------------------------------

  CREATE UNIQUE INDEX "E13080"."PK_REGISTRACIJA" ON "E13080"."REGISTRACIJA" ("IDZAP") 
  PCTFREE 10 INITRANS 2 MAXTRANS 255 COMPUTE STATISTICS 
  STORAGE(INITIAL 65536 NEXT 1048576 MINEXTENTS 1 MAXEXTENTS 2147483645
  PCTINCREASE 0 FREELISTS 1 FREELIST GROUPS 1 BUFFER_POOL DEFAULT FLASH_CACHE DEFAULT CELL_FLASH_CACHE DEFAULT)
  TABLESPACE "USERS" ;
--------------------------------------------------------
--  DDL for Index IMA_ZARAZNU_BOLEST2_FK
--------------------------------------------------------

  CREATE INDEX "E13080"."IMA_ZARAZNU_BOLEST2_FK" ON "E13080"."IMA_ZARAZNU_BOLEST" ("JMBGP") 
  PCTFREE 10 INITRANS 2 MAXTRANS 255 COMPUTE STATISTICS 
  STORAGE(INITIAL 65536 NEXT 1048576 MINEXTENTS 1 MAXEXTENTS 2147483645
  PCTINCREASE 0 FREELISTS 1 FREELIST GROUPS 1 BUFFER_POOL DEFAULT FLASH_CACHE DEFAULT CELL_FLASH_CACHE DEFAULT)
  TABLESPACE "USERS" ;
--------------------------------------------------------
--  DDL for Index LEK_PROPISUJE_FK
--------------------------------------------------------

  CREATE INDEX "E13080"."LEK_PROPISUJE_FK" ON "E13080"."PROPISUJE" ("SIFL") 
  PCTFREE 10 INITRANS 2 MAXTRANS 255 COMPUTE STATISTICS 
  STORAGE(INITIAL 65536 NEXT 1048576 MINEXTENTS 1 MAXEXTENTS 2147483645
  PCTINCREASE 0 FREELISTS 1 FREELIST GROUPS 1 BUFFER_POOL DEFAULT FLASH_CACHE DEFAULT CELL_FLASH_CACHE DEFAULT)
  TABLESPACE "USERS" ;
--------------------------------------------------------
--  DDL for Index PRIMA_VAKCINU2_FK
--------------------------------------------------------

  CREATE INDEX "E13080"."PRIMA_VAKCINU2_FK" ON "E13080"."PRIMA_VAKCINU" ("JMBGP") 
  PCTFREE 10 INITRANS 2 MAXTRANS 255 COMPUTE STATISTICS 
  STORAGE(INITIAL 65536 NEXT 1048576 MINEXTENTS 1 MAXEXTENTS 2147483645
  PCTINCREASE 0 FREELISTS 1 FREELIST GROUPS 1 BUFFER_POOL DEFAULT FLASH_CACHE DEFAULT CELL_FLASH_CACHE DEFAULT)
  TABLESPACE "USERS" ;
--------------------------------------------------------
--  DDL for Index BIRA_LEKARA_FK
--------------------------------------------------------

  CREATE INDEX "E13080"."BIRA_LEKARA_FK" ON "E13080"."IZBOR_LEKARA" ("JMBGP") 
  PCTFREE 10 INITRANS 2 MAXTRANS 255 COMPUTE STATISTICS 
  STORAGE(INITIAL 65536 NEXT 1048576 MINEXTENTS 1 MAXEXTENTS 2147483645
  PCTINCREASE 0 FREELISTS 1 FREELIST GROUPS 1 BUFFER_POOL DEFAULT FLASH_CACHE DEFAULT CELL_FLASH_CACHE DEFAULT)
  TABLESPACE "USERS" ;
--------------------------------------------------------
--  DDL for Index IMA_SPEC_FK
--------------------------------------------------------

  CREATE INDEX "E13080"."IMA_SPEC_FK" ON "E13080"."IMA_SPEC" ("JMBGZR", "ID_ZR") 
  PCTFREE 10 INITRANS 2 MAXTRANS 255 COMPUTE STATISTICS 
  STORAGE(INITIAL 65536 NEXT 1048576 MINEXTENTS 1 MAXEXTENTS 2147483645
  PCTINCREASE 0 FREELISTS 1 FREELIST GROUPS 1 BUFFER_POOL DEFAULT FLASH_CACHE DEFAULT CELL_FLASH_CACHE DEFAULT)
  TABLESPACE "USERS" ;
--------------------------------------------------------
--  DDL for Index RAZLOG_IZBORA_LEKARA_FK
--------------------------------------------------------

  CREATE INDEX "E13080"."RAZLOG_IZBORA_LEKARA_FK" ON "E13080"."IZBOR_LEKARA" ("IDRAZL") 
  PCTFREE 10 INITRANS 2 MAXTRANS 255 COMPUTE STATISTICS 
  STORAGE(INITIAL 65536 NEXT 1048576 MINEXTENTS 1 MAXEXTENTS 2147483645
  PCTINCREASE 0 FREELISTS 1 FREELIST GROUPS 1 BUFFER_POOL DEFAULT FLASH_CACHE DEFAULT CELL_FLASH_CACHE DEFAULT)
  TABLESPACE "USERS" ;
--------------------------------------------------------
--  DDL for Index POPUNJAVA_LEK_PAC_FK
--------------------------------------------------------

  CREATE INDEX "E13080"."POPUNJAVA_LEK_PAC_FK" ON "E13080"."ZDRAVSTVENI_KARTON" ("JMBGZR", "ID_ZR", "JMBGP") 
  PCTFREE 10 INITRANS 2 MAXTRANS 255 COMPUTE STATISTICS 
  STORAGE(INITIAL 65536 NEXT 1048576 MINEXTENTS 1 MAXEXTENTS 2147483645
  PCTINCREASE 0 FREELISTS 1 FREELIST GROUPS 1 BUFFER_POOL DEFAULT FLASH_CACHE DEFAULT CELL_FLASH_CACHE DEFAULT)
  TABLESPACE "USERS" ;
--------------------------------------------------------
--  DDL for Index PRIMLJEN_PACIJENT_FK
--------------------------------------------------------

  CREATE INDEX "E13080"."PRIMLJEN_PACIJENT_FK" ON "E13080"."PRIJEM_PACIJENTA" ("JMBGZR", "ID_ZR", "JMBGP") 
  PCTFREE 10 INITRANS 2 MAXTRANS 255 COMPUTE STATISTICS 
  STORAGE(INITIAL 65536 NEXT 1048576 MINEXTENTS 1 MAXEXTENTS 2147483645
  PCTINCREASE 0 FREELISTS 1 FREELIST GROUPS 1 BUFFER_POOL DEFAULT FLASH_CACHE DEFAULT CELL_FLASH_CACHE DEFAULT)
  TABLESPACE "USERS" ;
--------------------------------------------------------
--  DDL for Index PK_RAZLOG_IZBORA
--------------------------------------------------------

  CREATE UNIQUE INDEX "E13080"."PK_RAZLOG_IZBORA" ON "E13080"."RAZLOG_IZBORA" ("IDRAZL") 
  PCTFREE 10 INITRANS 2 MAXTRANS 255 COMPUTE STATISTICS 
  STORAGE(INITIAL 65536 NEXT 1048576 MINEXTENTS 1 MAXEXTENTS 2147483645
  PCTINCREASE 0 FREELISTS 1 FREELIST GROUPS 1 BUFFER_POOL DEFAULT FLASH_CACHE DEFAULT CELL_FLASH_CACHE DEFAULT)
  TABLESPACE "USERS" ;
--------------------------------------------------------
--  DDL for Index PREPISANO_POMAGALO2_FK
--------------------------------------------------------

  CREATE INDEX "E13080"."PREPISANO_POMAGALO2_FK" ON "E13080"."PREPISANO_POMAGALO" ("JMBGP") 
  PCTFREE 10 INITRANS 2 MAXTRANS 255 COMPUTE STATISTICS 
  STORAGE(INITIAL 65536 NEXT 1048576 MINEXTENTS 1 MAXEXTENTS 2147483645
  PCTINCREASE 0 FREELISTS 1 FREELIST GROUPS 1 BUFFER_POOL DEFAULT FLASH_CACHE DEFAULT CELL_FLASH_CACHE DEFAULT)
  TABLESPACE "USERS" ;
--------------------------------------------------------
--  DDL for Index PK_LEKAR_OPSTE_MEDICINE
--------------------------------------------------------

  CREATE UNIQUE INDEX "E13080"."PK_LEKAR_OPSTE_MEDICINE" ON "E13080"."LEKAR_OPSTE_MEDICINE" ("JMBGZR", "ID_ZR") 
  PCTFREE 10 INITRANS 2 MAXTRANS 255 COMPUTE STATISTICS 
  STORAGE(INITIAL 65536 NEXT 1048576 MINEXTENTS 1 MAXEXTENTS 2147483645
  PCTINCREASE 0 FREELISTS 1 FREELIST GROUPS 1 BUFFER_POOL DEFAULT FLASH_CACHE DEFAULT CELL_FLASH_CACHE DEFAULT)
  TABLESPACE "USERS" ;
--------------------------------------------------------
--  DDL for Index PK_SPECIJALNOST
--------------------------------------------------------

  CREATE UNIQUE INDEX "E13080"."PK_SPECIJALNOST" ON "E13080"."SPECIJALNOST" ("IDSPEC") 
  PCTFREE 10 INITRANS 2 MAXTRANS 255 COMPUTE STATISTICS 
  STORAGE(INITIAL 65536 NEXT 1048576 MINEXTENTS 1 MAXEXTENTS 2147483645
  PCTINCREASE 0 FREELISTS 1 FREELIST GROUPS 1 BUFFER_POOL DEFAULT FLASH_CACHE DEFAULT CELL_FLASH_CACHE DEFAULT)
  TABLESPACE "USERS" ;
--------------------------------------------------------
--  DDL for Index PK_SOBNI_LEKAR
--------------------------------------------------------

  CREATE UNIQUE INDEX "E13080"."PK_SOBNI_LEKAR" ON "E13080"."SOBNI_LEKAR" ("JMBGZR", "ID_ZR") 
  PCTFREE 10 INITRANS 2 MAXTRANS 255 COMPUTE STATISTICS 
  STORAGE(INITIAL 65536 NEXT 1048576 MINEXTENTS 1 MAXEXTENTS 2147483645
  PCTINCREASE 0 FREELISTS 1 FREELIST GROUPS 1 BUFFER_POOL DEFAULT FLASH_CACHE DEFAULT CELL_FLASH_CACHE DEFAULT)
  TABLESPACE "USERS" ;
--------------------------------------------------------
--  DDL for Index IZDATO_BOLOVANJE_FK
--------------------------------------------------------

  CREATE INDEX "E13080"."IZDATO_BOLOVANJE_FK" ON "E13080"."BOLOVANJE" ("JMBGZR", "ID_ZR", "JMBGP") 
  PCTFREE 10 INITRANS 2 MAXTRANS 255 COMPUTE STATISTICS 
  STORAGE(INITIAL 65536 NEXT 1048576 MINEXTENTS 1 MAXEXTENTS 2147483645
  PCTINCREASE 0 FREELISTS 1 FREELIST GROUPS 1 BUFFER_POOL DEFAULT FLASH_CACHE DEFAULT CELL_FLASH_CACHE DEFAULT)
  TABLESPACE "USERS" ;
--------------------------------------------------------
--  DDL for Index PK_POMAGALO
--------------------------------------------------------

  CREATE UNIQUE INDEX "E13080"."PK_POMAGALO" ON "E13080"."POMAGALO" ("ID_POMAGALA") 
  PCTFREE 10 INITRANS 2 MAXTRANS 255 COMPUTE STATISTICS 
  STORAGE(INITIAL 65536 NEXT 1048576 MINEXTENTS 1 MAXEXTENTS 2147483645
  PCTINCREASE 0 FREELISTS 1 FREELIST GROUPS 1 BUFFER_POOL DEFAULT FLASH_CACHE DEFAULT CELL_FLASH_CACHE DEFAULT)
  TABLESPACE "USERS" ;
--------------------------------------------------------
--  DDL for Index IMA_STATUS_FK
--------------------------------------------------------

  CREATE INDEX "E13080"."IMA_STATUS_FK" ON "E13080"."BOLOVANJE" ("ID_STATUSA_BOL") 
  PCTFREE 10 INITRANS 2 MAXTRANS 255 COMPUTE STATISTICS 
  STORAGE(INITIAL 65536 NEXT 1048576 MINEXTENTS 1 MAXEXTENTS 2147483645
  PCTINCREASE 0 FREELISTS 1 FREELIST GROUPS 1 BUFFER_POOL DEFAULT FLASH_CACHE DEFAULT CELL_FLASH_CACHE DEFAULT)
  TABLESPACE "USERS" ;
--------------------------------------------------------
--  DDL for Index PK_ADMINZK
--------------------------------------------------------

  CREATE UNIQUE INDEX "E13080"."PK_ADMINZK" ON "E13080"."ADMINZK" ("USERA") 
  PCTFREE 10 INITRANS 2 MAXTRANS 255 COMPUTE STATISTICS 
  STORAGE(INITIAL 65536 NEXT 1048576 MINEXTENTS 1 MAXEXTENTS 2147483645
  PCTINCREASE 0 FREELISTS 1 FREELIST GROUPS 1 BUFFER_POOL DEFAULT FLASH_CACHE DEFAULT CELL_FLASH_CACHE DEFAULT)
  TABLESPACE "USERS" ;
--------------------------------------------------------
--  DDL for Index PK_IMA_SPEC
--------------------------------------------------------

  CREATE UNIQUE INDEX "E13080"."PK_IMA_SPEC" ON "E13080"."IMA_SPEC" ("JMBGZR", "ID_ZR", "IDSPEC") 
  PCTFREE 10 INITRANS 2 MAXTRANS 255 COMPUTE STATISTICS 
  STORAGE(INITIAL 65536 NEXT 1048576 MINEXTENTS 1 MAXEXTENTS 2147483645
  PCTINCREASE 0 FREELISTS 1 FREELIST GROUPS 1 BUFFER_POOL DEFAULT FLASH_CACHE DEFAULT CELL_FLASH_CACHE DEFAULT)
  TABLESPACE "USERS" ;
--------------------------------------------------------
--  DDL for Index PK_RECEPT
--------------------------------------------------------

  CREATE UNIQUE INDEX "E13080"."PK_RECEPT" ON "E13080"."RECEPT" ("IDREC") 
  PCTFREE 10 INITRANS 2 MAXTRANS 255 COMPUTE STATISTICS 
  STORAGE(INITIAL 65536 NEXT 1048576 MINEXTENTS 1 MAXEXTENTS 2147483645
  PCTINCREASE 0 FREELISTS 1 FREELIST GROUPS 1 BUFFER_POOL DEFAULT FLASH_CACHE DEFAULT CELL_FLASH_CACHE DEFAULT)
  TABLESPACE "USERS" ;
--------------------------------------------------------
--  DDL for Index PK_VRSTA_ANALIZE
--------------------------------------------------------

  CREATE UNIQUE INDEX "E13080"."PK_VRSTA_ANALIZE" ON "E13080"."VRSTA_ANALIZE" ("ID_VRSTE_ANALIZE") 
  PCTFREE 10 INITRANS 2 MAXTRANS 255 COMPUTE STATISTICS 
  STORAGE(INITIAL 65536 NEXT 1048576 MINEXTENTS 1 MAXEXTENTS 2147483645
  PCTINCREASE 0 FREELISTS 1 FREELIST GROUPS 1 BUFFER_POOL DEFAULT FLASH_CACHE DEFAULT CELL_FLASH_CACHE DEFAULT)
  TABLESPACE "USERS" ;
--------------------------------------------------------
--  DDL for Index IDE_NA_RECEPT_FK
--------------------------------------------------------

  CREATE INDEX "E13080"."IDE_NA_RECEPT_FK" ON "E13080"."RECEPT" ("JMBGZR", "ID_ZR", "JMBGP", "SIFL") 
  PCTFREE 10 INITRANS 2 MAXTRANS 255 COMPUTE STATISTICS 
  STORAGE(INITIAL 65536 NEXT 1048576 MINEXTENTS 1 MAXEXTENTS 2147483645
  PCTINCREASE 0 FREELISTS 1 FREELIST GROUPS 1 BUFFER_POOL DEFAULT FLASH_CACHE DEFAULT CELL_FLASH_CACHE DEFAULT)
  TABLESPACE "USERS" ;
--------------------------------------------------------
--  DDL for Index SASTOJI_SE_FK
--------------------------------------------------------

  CREATE INDEX "E13080"."SASTOJI_SE_FK" ON "E13080"."ZDRAVSTVENA_USTANOVA" ("ZDR_IDZU") 
  PCTFREE 10 INITRANS 2 MAXTRANS 255 COMPUTE STATISTICS 
  STORAGE(INITIAL 65536 NEXT 1048576 MINEXTENTS 1 MAXEXTENTS 2147483645
  PCTINCREASE 0 FREELISTS 1 FREELIST GROUPS 1 BUFFER_POOL DEFAULT FLASH_CACHE DEFAULT CELL_FLASH_CACHE DEFAULT)
  TABLESPACE "USERS" ;
--------------------------------------------------------
--  DDL for Index PRIPADA_VRSTI_UPUTA_FK
--------------------------------------------------------

  CREATE INDEX "E13080"."PRIPADA_VRSTI_UPUTA_FK" ON "E13080"."UPUT" ("ID_VRSTE_UPUTA") 
  PCTFREE 10 INITRANS 2 MAXTRANS 255 COMPUTE STATISTICS 
  STORAGE(INITIAL 65536 NEXT 1048576 MINEXTENTS 1 MAXEXTENTS 2147483645
  PCTINCREASE 0 FREELISTS 1 FREELIST GROUPS 1 BUFFER_POOL DEFAULT FLASH_CACHE DEFAULT CELL_FLASH_CACHE DEFAULT)
  TABLESPACE "USERS" ;
--------------------------------------------------------
--  DDL for Index IZABRAN_LEKAR_FK
--------------------------------------------------------

  CREATE INDEX "E13080"."IZABRAN_LEKAR_FK" ON "E13080"."IZBOR_LEKARA" ("JMBGZR", "ID_ZR") 
  PCTFREE 10 INITRANS 2 MAXTRANS 255 COMPUTE STATISTICS 
  STORAGE(INITIAL 65536 NEXT 1048576 MINEXTENTS 1 MAXEXTENTS 2147483645
  PCTINCREASE 0 FREELISTS 1 FREELIST GROUPS 1 BUFFER_POOL DEFAULT FLASH_CACHE DEFAULT CELL_FLASH_CACHE DEFAULT)
  TABLESPACE "USERS" ;
--------------------------------------------------------
--  DDL for Index PK_PACIJENT
--------------------------------------------------------

  CREATE UNIQUE INDEX "E13080"."PK_PACIJENT" ON "E13080"."PACIJENT" ("JMBGP") 
  PCTFREE 10 INITRANS 2 MAXTRANS 255 COMPUTE STATISTICS 
  STORAGE(INITIAL 65536 NEXT 1048576 MINEXTENTS 1 MAXEXTENTS 2147483645
  PCTINCREASE 0 FREELISTS 1 FREELIST GROUPS 1 BUFFER_POOL DEFAULT FLASH_CACHE DEFAULT CELL_FLASH_CACHE DEFAULT)
  TABLESPACE "USERS" ;
--------------------------------------------------------
--  DDL for Index LEKAR_IZDAJE_UP_FK
--------------------------------------------------------

  CREATE INDEX "E13080"."LEKAR_IZDAJE_UP_FK" ON "E13080"."UPUT" ("JMBGZR", "ID_ZR", "JMBGP") 
  PCTFREE 10 INITRANS 2 MAXTRANS 255 COMPUTE STATISTICS 
  STORAGE(INITIAL 65536 NEXT 1048576 MINEXTENTS 1 MAXEXTENTS 2147483645
  PCTINCREASE 0 FREELISTS 1 FREELIST GROUPS 1 BUFFER_POOL DEFAULT FLASH_CACHE DEFAULT CELL_FLASH_CACHE DEFAULT)
  TABLESPACE "USERS" ;
--------------------------------------------------------
--  DDL for Index PK_PROPISUJE
--------------------------------------------------------

  CREATE UNIQUE INDEX "E13080"."PK_PROPISUJE" ON "E13080"."PROPISUJE" ("JMBGZR", "ID_ZR", "JMBGP", "SIFL") 
  PCTFREE 10 INITRANS 2 MAXTRANS 255 COMPUTE STATISTICS 
  STORAGE(INITIAL 65536 NEXT 1048576 MINEXTENTS 1 MAXEXTENTS 2147483645
  PCTINCREASE 0 FREELISTS 1 FREELIST GROUPS 1 BUFFER_POOL DEFAULT FLASH_CACHE DEFAULT CELL_FLASH_CACHE DEFAULT)
  TABLESPACE "USERS" ;
--------------------------------------------------------
--  DDL for Index PK_ZDRAVSTVENI_RADNIK
--------------------------------------------------------

  CREATE UNIQUE INDEX "E13080"."PK_ZDRAVSTVENI_RADNIK" ON "E13080"."ZDRAVSTVENI_RADNIK" ("JMBGZR", "ID_ZR") 
  PCTFREE 10 INITRANS 2 MAXTRANS 255 COMPUTE STATISTICS 
  STORAGE(INITIAL 65536 NEXT 1048576 MINEXTENTS 1 MAXEXTENTS 2147483645
  PCTINCREASE 0 FREELISTS 1 FREELIST GROUPS 1 BUFFER_POOL DEFAULT FLASH_CACHE DEFAULT CELL_FLASH_CACHE DEFAULT)
  TABLESPACE "USERS" ;
--------------------------------------------------------
--  DDL for Index PK_UPUT
--------------------------------------------------------

  CREATE UNIQUE INDEX "E13080"."PK_UPUT" ON "E13080"."UPUT" ("ID_UPUTA") 
  PCTFREE 10 INITRANS 2 MAXTRANS 255 COMPUTE STATISTICS 
  STORAGE(INITIAL 65536 NEXT 1048576 MINEXTENTS 1 MAXEXTENTS 2147483645
  PCTINCREASE 0 FREELISTS 1 FREELIST GROUPS 1 BUFFER_POOL DEFAULT FLASH_CACHE DEFAULT CELL_FLASH_CACHE DEFAULT)
  TABLESPACE "USERS" ;
--------------------------------------------------------
--  DDL for Index PK_ZARAZNA_BOLEST
--------------------------------------------------------

  CREATE UNIQUE INDEX "E13080"."PK_ZARAZNA_BOLEST" ON "E13080"."ZARAZNA_BOLEST" ("ID_BOLESTI") 
  PCTFREE 10 INITRANS 2 MAXTRANS 255 COMPUTE STATISTICS 
  STORAGE(INITIAL 65536 NEXT 1048576 MINEXTENTS 1 MAXEXTENTS 2147483645
  PCTINCREASE 0 FREELISTS 1 FREELIST GROUPS 1 BUFFER_POOL DEFAULT FLASH_CACHE DEFAULT CELL_FLASH_CACHE DEFAULT)
  TABLESPACE "USERS" ;
--------------------------------------------------------
--  DDL for Index UPISAN_NALAZ_FK
--------------------------------------------------------

  CREATE INDEX "E13080"."UPISAN_NALAZ_FK" ON "E13080"."ZDRAVSTVENI_KARTON" ("ID_NALAZA") 
  PCTFREE 10 INITRANS 2 MAXTRANS 255 COMPUTE STATISTICS 
  STORAGE(INITIAL 65536 NEXT 1048576 MINEXTENTS 1 MAXEXTENTS 2147483645
  PCTINCREASE 0 FREELISTS 1 FREELIST GROUPS 1 BUFFER_POOL DEFAULT FLASH_CACHE DEFAULT CELL_FLASH_CACHE DEFAULT)
  TABLESPACE "USERS" ;
--------------------------------------------------------
--  DDL for Index PK_VAKCINA
--------------------------------------------------------

  CREATE UNIQUE INDEX "E13080"."PK_VAKCINA" ON "E13080"."VAKCINA" ("ID_VAKCINE") 
  PCTFREE 10 INITRANS 2 MAXTRANS 255 COMPUTE STATISTICS 
  STORAGE(INITIAL 65536 NEXT 1048576 MINEXTENTS 1 MAXEXTENTS 2147483645
  PCTINCREASE 0 FREELISTS 1 FREELIST GROUPS 1 BUFFER_POOL DEFAULT FLASH_CACHE DEFAULT CELL_FLASH_CACHE DEFAULT)
  TABLESPACE "USERS" ;
--------------------------------------------------------
--  DDL for Index PREPISANO_POMAGALO_FK
--------------------------------------------------------

  CREATE INDEX "E13080"."PREPISANO_POMAGALO_FK" ON "E13080"."PREPISANO_POMAGALO" ("ID_POMAGALA") 
  PCTFREE 10 INITRANS 2 MAXTRANS 255 COMPUTE STATISTICS 
  STORAGE(INITIAL 65536 NEXT 1048576 MINEXTENTS 1 MAXEXTENTS 2147483645
  PCTINCREASE 0 FREELISTS 1 FREELIST GROUPS 1 BUFFER_POOL DEFAULT FLASH_CACHE DEFAULT CELL_FLASH_CACHE DEFAULT)
  TABLESPACE "USERS" ;
--------------------------------------------------------
--  DDL for Index IMA_SPEC2_FK
--------------------------------------------------------

  CREATE INDEX "E13080"."IMA_SPEC2_FK" ON "E13080"."IMA_SPEC" ("IDSPEC") 
  PCTFREE 10 INITRANS 2 MAXTRANS 255 COMPUTE STATISTICS 
  STORAGE(INITIAL 65536 NEXT 1048576 MINEXTENTS 1 MAXEXTENTS 2147483645
  PCTINCREASE 0 FREELISTS 1 FREELIST GROUPS 1 BUFFER_POOL DEFAULT FLASH_CACHE DEFAULT CELL_FLASH_CACHE DEFAULT)
  TABLESPACE "USERS" ;
--------------------------------------------------------
--  DDL for Index RUKOVODI_FK
--------------------------------------------------------

  CREATE INDEX "E13080"."RUKOVODI_FK" ON "E13080"."SOBNI_LEKAR" ("IDZU") 
  PCTFREE 10 INITRANS 2 MAXTRANS 255 COMPUTE STATISTICS 
  STORAGE(INITIAL 65536 NEXT 1048576 MINEXTENTS 1 MAXEXTENTS 2147483645
  PCTINCREASE 0 FREELISTS 1 FREELIST GROUPS 1 BUFFER_POOL DEFAULT FLASH_CACHE DEFAULT CELL_FLASH_CACHE DEFAULT)
  TABLESPACE "USERS" ;
--------------------------------------------------------
--  DDL for Index PK_VRSTA_BOLOVANJA
--------------------------------------------------------

  CREATE UNIQUE INDEX "E13080"."PK_VRSTA_BOLOVANJA" ON "E13080"."VRSTA_BOLOVANJA" ("ID_VRSTE_BOL") 
  PCTFREE 10 INITRANS 2 MAXTRANS 255 COMPUTE STATISTICS 
  STORAGE(INITIAL 65536 NEXT 1048576 MINEXTENTS 1 MAXEXTENTS 2147483645
  PCTINCREASE 0 FREELISTS 1 FREELIST GROUPS 1 BUFFER_POOL DEFAULT FLASH_CACHE DEFAULT CELL_FLASH_CACHE DEFAULT)
  TABLESPACE "USERS" ;
--------------------------------------------------------
--  DDL for Index UPISAN_UPUT_FK
--------------------------------------------------------

  CREATE INDEX "E13080"."UPISAN_UPUT_FK" ON "E13080"."ZDRAVSTVENI_KARTON" ("ID_UPUTA") 
  PCTFREE 10 INITRANS 2 MAXTRANS 255 COMPUTE STATISTICS 
  STORAGE(INITIAL 65536 NEXT 1048576 MINEXTENTS 1 MAXEXTENTS 2147483645
  PCTINCREASE 0 FREELISTS 1 FREELIST GROUPS 1 BUFFER_POOL DEFAULT FLASH_CACHE DEFAULT CELL_FLASH_CACHE DEFAULT)
  TABLESPACE "USERS" ;
--------------------------------------------------------
--  DDL for Index PK_LEKAR_SPECIJALISTA
--------------------------------------------------------

  CREATE UNIQUE INDEX "E13080"."PK_LEKAR_SPECIJALISTA" ON "E13080"."LEKAR_SPECIJALISTA" ("JMBGZR", "ID_ZR") 
  PCTFREE 10 INITRANS 2 MAXTRANS 255 COMPUTE STATISTICS 
  STORAGE(INITIAL 65536 NEXT 1048576 MINEXTENTS 1 MAXEXTENTS 2147483645
  PCTINCREASE 0 FREELISTS 1 FREELIST GROUPS 1 BUFFER_POOL DEFAULT FLASH_CACHE DEFAULT CELL_FLASH_CACHE DEFAULT)
  TABLESPACE "USERS" ;
--------------------------------------------------------
--  DDL for Index PK_IZBOR_LEKARA
--------------------------------------------------------

  CREATE UNIQUE INDEX "E13080"."PK_IZBOR_LEKARA" ON "E13080"."IZBOR_LEKARA" ("JMBGZR", "ID_ZR", "JMBGP") 
  PCTFREE 10 INITRANS 2 MAXTRANS 255 COMPUTE STATISTICS 
  STORAGE(INITIAL 65536 NEXT 1048576 MINEXTENTS 1 MAXEXTENTS 2147483645
  PCTINCREASE 0 FREELISTS 1 FREELIST GROUPS 1 BUFFER_POOL DEFAULT FLASH_CACHE DEFAULT CELL_FLASH_CACHE DEFAULT)
  TABLESPACE "USERS" ;
--------------------------------------------------------
--  DDL for Index UPISANO_POMAGALO_FK
--------------------------------------------------------

  CREATE INDEX "E13080"."UPISANO_POMAGALO_FK" ON "E13080"."ZDRAVSTVENI_KARTON" ("ID_POMAGALA") 
  PCTFREE 10 INITRANS 2 MAXTRANS 255 COMPUTE STATISTICS 
  STORAGE(INITIAL 65536 NEXT 1048576 MINEXTENTS 1 MAXEXTENTS 2147483645
  PCTINCREASE 0 FREELISTS 1 FREELIST GROUPS 1 BUFFER_POOL DEFAULT FLASH_CACHE DEFAULT CELL_FLASH_CACHE DEFAULT)
  TABLESPACE "USERS" ;
--------------------------------------------------------
--  DDL for Index LEKAR_PROPISUJE_FK
--------------------------------------------------------

  CREATE INDEX "E13080"."LEKAR_PROPISUJE_FK" ON "E13080"."PROPISUJE" ("JMBGZR", "ID_ZR", "JMBGP") 
  PCTFREE 10 INITRANS 2 MAXTRANS 255 COMPUTE STATISTICS 
  STORAGE(INITIAL 65536 NEXT 1048576 MINEXTENTS 1 MAXEXTENTS 2147483645
  PCTINCREASE 0 FREELISTS 1 FREELIST GROUPS 1 BUFFER_POOL DEFAULT FLASH_CACHE DEFAULT CELL_FLASH_CACHE DEFAULT)
  TABLESPACE "USERS" ;
--------------------------------------------------------
--  DDL for Index LAB_VRSTA_ANALIZE_FK
--------------------------------------------------------

  CREATE INDEX "E13080"."LAB_VRSTA_ANALIZE_FK" ON "E13080"."UPUT" ("ID_VRSTE_ANALIZE") 
  PCTFREE 10 INITRANS 2 MAXTRANS 255 COMPUTE STATISTICS 
  STORAGE(INITIAL 65536 NEXT 1048576 MINEXTENTS 1 MAXEXTENTS 2147483645
  PCTINCREASE 0 FREELISTS 1 FREELIST GROUPS 1 BUFFER_POOL DEFAULT FLASH_CACHE DEFAULT CELL_FLASH_CACHE DEFAULT)
  TABLESPACE "USERS" ;
--------------------------------------------------------
--  DDL for Index PRIPADA_VRSTI_BOL_FK
--------------------------------------------------------

  CREATE INDEX "E13080"."PRIPADA_VRSTI_BOL_FK" ON "E13080"."BOLOVANJE" ("ID_VRSTE_BOL") 
  PCTFREE 10 INITRANS 2 MAXTRANS 255 COMPUTE STATISTICS 
  STORAGE(INITIAL 65536 NEXT 1048576 MINEXTENTS 1 MAXEXTENTS 2147483645
  PCTINCREASE 0 FREELISTS 1 FREELIST GROUPS 1 BUFFER_POOL DEFAULT FLASH_CACHE DEFAULT CELL_FLASH_CACHE DEFAULT)
  TABLESPACE "USERS" ;
--------------------------------------------------------
--  DDL for Index PK_VRSTA_UPUTA
--------------------------------------------------------

  CREATE UNIQUE INDEX "E13080"."PK_VRSTA_UPUTA" ON "E13080"."VRSTA_UPUTA" ("ID_VRSTE_UPUTA") 
  PCTFREE 10 INITRANS 2 MAXTRANS 255 COMPUTE STATISTICS 
  STORAGE(INITIAL 65536 NEXT 1048576 MINEXTENTS 1 MAXEXTENTS 2147483645
  PCTINCREASE 0 FREELISTS 1 FREELIST GROUPS 1 BUFFER_POOL DEFAULT FLASH_CACHE DEFAULT CELL_FLASH_CACHE DEFAULT)
  TABLESPACE "USERS" ;
--------------------------------------------------------
--  DDL for Index PK_NALAZ
--------------------------------------------------------

  CREATE UNIQUE INDEX "E13080"."PK_NALAZ" ON "E13080"."NALAZ" ("ID_NALAZA") 
  PCTFREE 10 INITRANS 2 MAXTRANS 255 COMPUTE STATISTICS 
  STORAGE(INITIAL 65536 NEXT 1048576 MINEXTENTS 1 MAXEXTENTS 2147483645
  PCTINCREASE 0 FREELISTS 1 FREELIST GROUPS 1 BUFFER_POOL DEFAULT FLASH_CACHE DEFAULT CELL_FLASH_CACHE DEFAULT)
  TABLESPACE "USERS" ;
--------------------------------------------------------
--  DDL for Index PK_PRIJEM_PACIJENTA
--------------------------------------------------------

  CREATE UNIQUE INDEX "E13080"."PK_PRIJEM_PACIJENTA" ON "E13080"."PRIJEM_PACIJENTA" ("ID_PRIJEMA") 
  PCTFREE 10 INITRANS 2 MAXTRANS 255 COMPUTE STATISTICS 
  STORAGE(INITIAL 65536 NEXT 1048576 MINEXTENTS 1 MAXEXTENTS 2147483645
  PCTINCREASE 0 FREELISTS 1 FREELIST GROUPS 1 BUFFER_POOL DEFAULT FLASH_CACHE DEFAULT CELL_FLASH_CACHE DEFAULT)
  TABLESPACE "USERS" ;
--------------------------------------------------------
--  DDL for Index IMA_ZARAZNU_BOLEST_FK
--------------------------------------------------------

  CREATE INDEX "E13080"."IMA_ZARAZNU_BOLEST_FK" ON "E13080"."IMA_ZARAZNU_BOLEST" ("ID_BOLESTI") 
  PCTFREE 10 INITRANS 2 MAXTRANS 255 COMPUTE STATISTICS 
  STORAGE(INITIAL 65536 NEXT 1048576 MINEXTENTS 1 MAXEXTENTS 2147483645
  PCTINCREASE 0 FREELISTS 1 FREELIST GROUPS 1 BUFFER_POOL DEFAULT FLASH_CACHE DEFAULT CELL_FLASH_CACHE DEFAULT)
  TABLESPACE "USERS" ;
--------------------------------------------------------
--  DDL for Index PK_IMA_ZARAZNU_BOLEST
--------------------------------------------------------

  CREATE UNIQUE INDEX "E13080"."PK_IMA_ZARAZNU_BOLEST" ON "E13080"."IMA_ZARAZNU_BOLEST" ("ID_BOLESTI", "JMBGP") 
  PCTFREE 10 INITRANS 2 MAXTRANS 255 COMPUTE STATISTICS 
  STORAGE(INITIAL 65536 NEXT 1048576 MINEXTENTS 1 MAXEXTENTS 2147483645
  PCTINCREASE 0 FREELISTS 1 FREELIST GROUPS 1 BUFFER_POOL DEFAULT FLASH_CACHE DEFAULT CELL_FLASH_CACHE DEFAULT)
  TABLESPACE "USERS" ;
--------------------------------------------------------
--  DDL for Index UPISAN_RECEPT_FK
--------------------------------------------------------

  CREATE INDEX "E13080"."UPISAN_RECEPT_FK" ON "E13080"."ZDRAVSTVENI_KARTON" ("IDREC") 
  PCTFREE 10 INITRANS 2 MAXTRANS 255 COMPUTE STATISTICS 
  STORAGE(INITIAL 65536 NEXT 1048576 MINEXTENTS 1 MAXEXTENTS 2147483645
  PCTINCREASE 0 FREELISTS 1 FREELIST GROUPS 1 BUFFER_POOL DEFAULT FLASH_CACHE DEFAULT CELL_FLASH_CACHE DEFAULT)
  TABLESPACE "USERS" ;
--------------------------------------------------------
--  DDL for Index PK_BOLOVANJE
--------------------------------------------------------

  CREATE UNIQUE INDEX "E13080"."PK_BOLOVANJE" ON "E13080"."BOLOVANJE" ("JMBGZR", "ID_ZR", "JMBGP", "ID_OBRASCA") 
  PCTFREE 10 INITRANS 2 MAXTRANS 255 COMPUTE STATISTICS 
  STORAGE(INITIAL 65536 NEXT 1048576 MINEXTENTS 1 MAXEXTENTS 2147483645
  PCTINCREASE 0 FREELISTS 1 FREELIST GROUPS 1 BUFFER_POOL DEFAULT FLASH_CACHE DEFAULT CELL_FLASH_CACHE DEFAULT)
  TABLESPACE "USERS" ;
--------------------------------------------------------
--  DDL for Index PK_PREPISANO_POMAGALO
--------------------------------------------------------

  CREATE UNIQUE INDEX "E13080"."PK_PREPISANO_POMAGALO" ON "E13080"."PREPISANO_POMAGALO" ("ID_POMAGALA", "JMBGP") 
  PCTFREE 10 INITRANS 2 MAXTRANS 255 COMPUTE STATISTICS 
  STORAGE(INITIAL 65536 NEXT 1048576 MINEXTENTS 1 MAXEXTENTS 2147483645
  PCTINCREASE 0 FREELISTS 1 FREELIST GROUPS 1 BUFFER_POOL DEFAULT FLASH_CACHE DEFAULT CELL_FLASH_CACHE DEFAULT)
  TABLESPACE "USERS" ;
--------------------------------------------------------
--  DDL for Index PK_ZDRAVSTVENA_USTANOVA
--------------------------------------------------------

  CREATE UNIQUE INDEX "E13080"."PK_ZDRAVSTVENA_USTANOVA" ON "E13080"."ZDRAVSTVENA_USTANOVA" ("IDZU") 
  PCTFREE 10 INITRANS 2 MAXTRANS 255 COMPUTE STATISTICS 
  STORAGE(INITIAL 65536 NEXT 1048576 MINEXTENTS 1 MAXEXTENTS 2147483645
  PCTINCREASE 0 FREELISTS 1 FREELIST GROUPS 1 BUFFER_POOL DEFAULT FLASH_CACHE DEFAULT CELL_FLASH_CACHE DEFAULT)
  TABLESPACE "USERS" ;
--------------------------------------------------------
--  DDL for Index PK_LEK
--------------------------------------------------------

  CREATE UNIQUE INDEX "E13080"."PK_LEK" ON "E13080"."LEK" ("SIFL") 
  PCTFREE 10 INITRANS 2 MAXTRANS 255 COMPUTE STATISTICS 
  STORAGE(INITIAL 65536 NEXT 1048576 MINEXTENTS 1 MAXEXTENTS 2147483645
  PCTINCREASE 0 FREELISTS 1 FREELIST GROUPS 1 BUFFER_POOL DEFAULT FLASH_CACHE DEFAULT CELL_FLASH_CACHE DEFAULT)
  TABLESPACE "USERS" ;
--------------------------------------------------------
--  DDL for Index PK_STATUS_BOLOVANJA
--------------------------------------------------------

  CREATE UNIQUE INDEX "E13080"."PK_STATUS_BOLOVANJA" ON "E13080"."STATUS_BOLOVANJA" ("ID_STATUSA_BOL") 
  PCTFREE 10 INITRANS 2 MAXTRANS 255 COMPUTE STATISTICS 
  STORAGE(INITIAL 65536 NEXT 1048576 MINEXTENTS 1 MAXEXTENTS 2147483645
  PCTINCREASE 0 FREELISTS 1 FREELIST GROUPS 1 BUFFER_POOL DEFAULT FLASH_CACHE DEFAULT CELL_FLASH_CACHE DEFAULT)
  TABLESPACE "USERS" ;
--------------------------------------------------------
--  DDL for Index PK_VRSTA_ODELJENJA
--------------------------------------------------------

  CREATE UNIQUE INDEX "E13080"."PK_VRSTA_ODELJENJA" ON "E13080"."VRSTA_ODELJENJA" ("IDODEL") 
  PCTFREE 10 INITRANS 2 MAXTRANS 255 COMPUTE STATISTICS 
  STORAGE(INITIAL 65536 NEXT 1048576 MINEXTENTS 1 MAXEXTENTS 2147483645
  PCTINCREASE 0 FREELISTS 1 FREELIST GROUPS 1 BUFFER_POOL DEFAULT FLASH_CACHE DEFAULT CELL_FLASH_CACHE DEFAULT)
  TABLESPACE "USERS" ;
--------------------------------------------------------
--  DDL for Index UPUT_SPECIJALISTI_FK
--------------------------------------------------------

  CREATE INDEX "E13080"."UPUT_SPECIJALISTI_FK" ON "E13080"."UPUT" ("IDSPEC") 
  PCTFREE 10 INITRANS 2 MAXTRANS 255 COMPUTE STATISTICS 
  STORAGE(INITIAL 65536 NEXT 1048576 MINEXTENTS 1 MAXEXTENTS 2147483645
  PCTINCREASE 0 FREELISTS 1 FREELIST GROUPS 1 BUFFER_POOL DEFAULT FLASH_CACHE DEFAULT CELL_FLASH_CACHE DEFAULT)
  TABLESPACE "USERS" ;
--------------------------------------------------------
--  Constraints for Table NALAZ
--------------------------------------------------------

  ALTER TABLE "E13080"."NALAZ" ADD CONSTRAINT "PK_NALAZ" PRIMARY KEY ("ID_NALAZA")
  USING INDEX PCTFREE 10 INITRANS 2 MAXTRANS 255 COMPUTE STATISTICS 
  STORAGE(INITIAL 65536 NEXT 1048576 MINEXTENTS 1 MAXEXTENTS 2147483645
  PCTINCREASE 0 FREELISTS 1 FREELIST GROUPS 1 BUFFER_POOL DEFAULT FLASH_CACHE DEFAULT CELL_FLASH_CACHE DEFAULT)
  TABLESPACE "USERS"  ENABLE;
  ALTER TABLE "E13080"."NALAZ" MODIFY ("DAT_IZD_NALAZ" NOT NULL ENABLE);
  ALTER TABLE "E13080"."NALAZ" MODIFY ("REZULTAT_ANALIZE" NOT NULL ENABLE);
  ALTER TABLE "E13080"."NALAZ" MODIFY ("VRSTA_ANALIZE" NOT NULL ENABLE);
  ALTER TABLE "E13080"."NALAZ" MODIFY ("ID_ZR" NOT NULL ENABLE);
  ALTER TABLE "E13080"."NALAZ" MODIFY ("JMBGZR" NOT NULL ENABLE);
  ALTER TABLE "E13080"."NALAZ" MODIFY ("JMBGP" NOT NULL ENABLE);
  ALTER TABLE "E13080"."NALAZ" MODIFY ("ID_NALAZA" NOT NULL ENABLE);
--------------------------------------------------------
--  Constraints for Table IMA_SPEC
--------------------------------------------------------

  ALTER TABLE "E13080"."IMA_SPEC" ADD CONSTRAINT "PK_IMA_SPEC" PRIMARY KEY ("JMBGZR", "ID_ZR", "IDSPEC")
  USING INDEX PCTFREE 10 INITRANS 2 MAXTRANS 255 COMPUTE STATISTICS 
  STORAGE(INITIAL 65536 NEXT 1048576 MINEXTENTS 1 MAXEXTENTS 2147483645
  PCTINCREASE 0 FREELISTS 1 FREELIST GROUPS 1 BUFFER_POOL DEFAULT FLASH_CACHE DEFAULT CELL_FLASH_CACHE DEFAULT)
  TABLESPACE "USERS"  ENABLE;
  ALTER TABLE "E13080"."IMA_SPEC" MODIFY ("IDSPEC" NOT NULL ENABLE);
  ALTER TABLE "E13080"."IMA_SPEC" MODIFY ("ID_ZR" NOT NULL ENABLE);
  ALTER TABLE "E13080"."IMA_SPEC" MODIFY ("JMBGZR" NOT NULL ENABLE);
--------------------------------------------------------
--  Constraints for Table VAKCINA
--------------------------------------------------------

  ALTER TABLE "E13080"."VAKCINA" ADD CONSTRAINT "PK_VAKCINA" PRIMARY KEY ("ID_VAKCINE")
  USING INDEX PCTFREE 10 INITRANS 2 MAXTRANS 255 COMPUTE STATISTICS 
  STORAGE(INITIAL 65536 NEXT 1048576 MINEXTENTS 1 MAXEXTENTS 2147483645
  PCTINCREASE 0 FREELISTS 1 FREELIST GROUPS 1 BUFFER_POOL DEFAULT FLASH_CACHE DEFAULT CELL_FLASH_CACHE DEFAULT)
  TABLESPACE "USERS"  ENABLE;
  ALTER TABLE "E13080"."VAKCINA" MODIFY ("ID_VAKCINE" NOT NULL ENABLE);
--------------------------------------------------------
--  Constraints for Table PREPISANO_POMAGALO
--------------------------------------------------------

  ALTER TABLE "E13080"."PREPISANO_POMAGALO" ADD CONSTRAINT "PK_PREPISANO_POMAGALO" PRIMARY KEY ("ID_POMAGALA", "JMBGP")
  USING INDEX PCTFREE 10 INITRANS 2 MAXTRANS 255 COMPUTE STATISTICS 
  STORAGE(INITIAL 65536 NEXT 1048576 MINEXTENTS 1 MAXEXTENTS 2147483645
  PCTINCREASE 0 FREELISTS 1 FREELIST GROUPS 1 BUFFER_POOL DEFAULT FLASH_CACHE DEFAULT CELL_FLASH_CACHE DEFAULT)
  TABLESPACE "USERS"  ENABLE;
  ALTER TABLE "E13080"."PREPISANO_POMAGALO" MODIFY ("JMBGP" NOT NULL ENABLE);
  ALTER TABLE "E13080"."PREPISANO_POMAGALO" MODIFY ("ID_POMAGALA" NOT NULL ENABLE);
--------------------------------------------------------
--  Constraints for Table ZARAZNA_BOLEST
--------------------------------------------------------

  ALTER TABLE "E13080"."ZARAZNA_BOLEST" ADD CONSTRAINT "PK_ZARAZNA_BOLEST" PRIMARY KEY ("ID_BOLESTI")
  USING INDEX PCTFREE 10 INITRANS 2 MAXTRANS 255 COMPUTE STATISTICS 
  STORAGE(INITIAL 65536 NEXT 1048576 MINEXTENTS 1 MAXEXTENTS 2147483645
  PCTINCREASE 0 FREELISTS 1 FREELIST GROUPS 1 BUFFER_POOL DEFAULT FLASH_CACHE DEFAULT CELL_FLASH_CACHE DEFAULT)
  TABLESPACE "USERS"  ENABLE;
  ALTER TABLE "E13080"."ZARAZNA_BOLEST" MODIFY ("ID_BOLESTI" NOT NULL ENABLE);
--------------------------------------------------------
--  Constraints for Table POMAGALO
--------------------------------------------------------

  ALTER TABLE "E13080"."POMAGALO" ADD CONSTRAINT "PK_POMAGALO" PRIMARY KEY ("ID_POMAGALA")
  USING INDEX PCTFREE 10 INITRANS 2 MAXTRANS 255 COMPUTE STATISTICS 
  STORAGE(INITIAL 65536 NEXT 1048576 MINEXTENTS 1 MAXEXTENTS 2147483645
  PCTINCREASE 0 FREELISTS 1 FREELIST GROUPS 1 BUFFER_POOL DEFAULT FLASH_CACHE DEFAULT CELL_FLASH_CACHE DEFAULT)
  TABLESPACE "USERS"  ENABLE;
  ALTER TABLE "E13080"."POMAGALO" MODIFY ("ID_ZR" NOT NULL ENABLE);
  ALTER TABLE "E13080"."POMAGALO" MODIFY ("JMBGZR" NOT NULL ENABLE);
  ALTER TABLE "E13080"."POMAGALO" MODIFY ("ID_POMAGALA" NOT NULL ENABLE);
--------------------------------------------------------
--  Constraints for Table REGISTRACIJA
--------------------------------------------------------

  ALTER TABLE "E13080"."REGISTRACIJA" ADD CONSTRAINT "PK_REGISTRACIJA" PRIMARY KEY ("IDZAP")
  USING INDEX PCTFREE 10 INITRANS 2 MAXTRANS 255 COMPUTE STATISTICS 
  STORAGE(INITIAL 65536 NEXT 1048576 MINEXTENTS 1 MAXEXTENTS 2147483645
  PCTINCREASE 0 FREELISTS 1 FREELIST GROUPS 1 BUFFER_POOL DEFAULT FLASH_CACHE DEFAULT CELL_FLASH_CACHE DEFAULT)
  TABLESPACE "USERS"  ENABLE;
  ALTER TABLE "E13080"."REGISTRACIJA" MODIFY ("SIFRAZAP" NOT NULL ENABLE);
  ALTER TABLE "E13080"."REGISTRACIJA" MODIFY ("USERZAP" NOT NULL ENABLE);
  ALTER TABLE "E13080"."REGISTRACIJA" MODIFY ("DRZZAP" NOT NULL ENABLE);
  ALTER TABLE "E13080"."REGISTRACIJA" MODIFY ("GRADZAP" NOT NULL ENABLE);
  ALTER TABLE "E13080"."REGISTRACIJA" MODIFY ("ADRZAP" NOT NULL ENABLE);
  ALTER TABLE "E13080"."REGISTRACIJA" MODIFY ("TELZAP" NOT NULL ENABLE);
  ALTER TABLE "E13080"."REGISTRACIJA" MODIFY ("JMBGZAP" NOT NULL ENABLE);
  ALTER TABLE "E13080"."REGISTRACIJA" MODIFY ("PRZZAP" NOT NULL ENABLE);
  ALTER TABLE "E13080"."REGISTRACIJA" MODIFY ("IMEZAP" NOT NULL ENABLE);
  ALTER TABLE "E13080"."REGISTRACIJA" MODIFY ("IDZAP" NOT NULL ENABLE);
  ALTER TABLE "E13080"."REGISTRACIJA" MODIFY ("IDODEL" NOT NULL ENABLE);
  ALTER TABLE "E13080"."REGISTRACIJA" MODIFY ("VRSTAKOR" NOT NULL ENABLE);
--------------------------------------------------------
--  Constraints for Table LEKAR_SPECIJALISTA
--------------------------------------------------------

  ALTER TABLE "E13080"."LEKAR_SPECIJALISTA" ADD CONSTRAINT "PK_LEKAR_SPECIJALISTA" PRIMARY KEY ("JMBGZR", "ID_ZR")
  USING INDEX PCTFREE 10 INITRANS 2 MAXTRANS 255 COMPUTE STATISTICS 
  STORAGE(INITIAL 65536 NEXT 1048576 MINEXTENTS 1 MAXEXTENTS 2147483645
  PCTINCREASE 0 FREELISTS 1 FREELIST GROUPS 1 BUFFER_POOL DEFAULT FLASH_CACHE DEFAULT CELL_FLASH_CACHE DEFAULT)
  TABLESPACE "USERS"  ENABLE;
  ALTER TABLE "E13080"."LEKAR_SPECIJALISTA" MODIFY ("PRZ" NOT NULL ENABLE);
  ALTER TABLE "E13080"."LEKAR_SPECIJALISTA" MODIFY ("IME" NOT NULL ENABLE);
  ALTER TABLE "E13080"."LEKAR_SPECIJALISTA" MODIFY ("ID_ZR" NOT NULL ENABLE);
  ALTER TABLE "E13080"."LEKAR_SPECIJALISTA" MODIFY ("JMBGZR" NOT NULL ENABLE);
--------------------------------------------------------
--  Constraints for Table PRIJEM_PACIJENTA
--------------------------------------------------------

  ALTER TABLE "E13080"."PRIJEM_PACIJENTA" ADD CONSTRAINT "PK_PRIJEM_PACIJENTA" PRIMARY KEY ("ID_PRIJEMA")
  USING INDEX PCTFREE 10 INITRANS 2 MAXTRANS 255 COMPUTE STATISTICS 
  STORAGE(INITIAL 65536 NEXT 1048576 MINEXTENTS 1 MAXEXTENTS 2147483645
  PCTINCREASE 0 FREELISTS 1 FREELIST GROUPS 1 BUFFER_POOL DEFAULT FLASH_CACHE DEFAULT CELL_FLASH_CACHE DEFAULT)
  TABLESPACE "USERS"  ENABLE;
  ALTER TABLE "E13080"."PRIJEM_PACIJENTA" MODIFY ("ID_PRIJEMA" NOT NULL ENABLE);
--------------------------------------------------------
--  Constraints for Table LEK
--------------------------------------------------------

  ALTER TABLE "E13080"."LEK" ADD CONSTRAINT "PK_LEK" PRIMARY KEY ("SIFL")
  USING INDEX PCTFREE 10 INITRANS 2 MAXTRANS 255 COMPUTE STATISTICS 
  STORAGE(INITIAL 65536 NEXT 1048576 MINEXTENTS 1 MAXEXTENTS 2147483645
  PCTINCREASE 0 FREELISTS 1 FREELIST GROUPS 1 BUFFER_POOL DEFAULT FLASH_CACHE DEFAULT CELL_FLASH_CACHE DEFAULT)
  TABLESPACE "USERS"  ENABLE;
  ALTER TABLE "E13080"."LEK" MODIFY ("SIFL" NOT NULL ENABLE);
  ALTER TABLE "E13080"."LEK" MODIFY ("NAZLEK" NOT NULL ENABLE);
--------------------------------------------------------
--  Constraints for Table PRIMA_VAKCINU
--------------------------------------------------------

  ALTER TABLE "E13080"."PRIMA_VAKCINU" ADD CONSTRAINT "PK_PRIMA_VAKCINU" PRIMARY KEY ("ID_VAKCINE", "JMBGP")
  USING INDEX PCTFREE 10 INITRANS 2 MAXTRANS 255 COMPUTE STATISTICS 
  STORAGE(INITIAL 65536 NEXT 1048576 MINEXTENTS 1 MAXEXTENTS 2147483645
  PCTINCREASE 0 FREELISTS 1 FREELIST GROUPS 1 BUFFER_POOL DEFAULT FLASH_CACHE DEFAULT CELL_FLASH_CACHE DEFAULT)
  TABLESPACE "USERS"  ENABLE;
  ALTER TABLE "E13080"."PRIMA_VAKCINU" MODIFY ("JMBGP" NOT NULL ENABLE);
  ALTER TABLE "E13080"."PRIMA_VAKCINU" MODIFY ("ID_VAKCINE" NOT NULL ENABLE);
--------------------------------------------------------
--  Constraints for Table RAZLOG_IZBORA
--------------------------------------------------------

  ALTER TABLE "E13080"."RAZLOG_IZBORA" ADD CONSTRAINT "PK_RAZLOG_IZBORA" PRIMARY KEY ("IDRAZL")
  USING INDEX PCTFREE 10 INITRANS 2 MAXTRANS 255 COMPUTE STATISTICS 
  STORAGE(INITIAL 65536 NEXT 1048576 MINEXTENTS 1 MAXEXTENTS 2147483645
  PCTINCREASE 0 FREELISTS 1 FREELIST GROUPS 1 BUFFER_POOL DEFAULT FLASH_CACHE DEFAULT CELL_FLASH_CACHE DEFAULT)
  TABLESPACE "USERS"  ENABLE;
  ALTER TABLE "E13080"."RAZLOG_IZBORA" MODIFY ("IDRAZL" NOT NULL ENABLE);
--------------------------------------------------------
--  Constraints for Table PACIJENT
--------------------------------------------------------

  ALTER TABLE "E13080"."PACIJENT" ADD CONSTRAINT "PK_PACIJENT" PRIMARY KEY ("JMBGP")
  USING INDEX PCTFREE 10 INITRANS 2 MAXTRANS 255 COMPUTE STATISTICS 
  STORAGE(INITIAL 65536 NEXT 1048576 MINEXTENTS 1 MAXEXTENTS 2147483645
  PCTINCREASE 0 FREELISTS 1 FREELIST GROUPS 1 BUFFER_POOL DEFAULT FLASH_CACHE DEFAULT CELL_FLASH_CACHE DEFAULT)
  TABLESPACE "USERS"  ENABLE;
  ALTER TABLE "E13080"."PACIJENT" MODIFY ("ADRP" NOT NULL ENABLE);
  ALTER TABLE "E13080"."PACIJENT" MODIFY ("JMBGP" NOT NULL ENABLE);
  ALTER TABLE "E13080"."PACIJENT" MODIFY ("PRZP" NOT NULL ENABLE);
  ALTER TABLE "E13080"."PACIJENT" MODIFY ("IMEP" NOT NULL ENABLE);
--------------------------------------------------------
--  Constraints for Table IMA_ZARAZNU_BOLEST
--------------------------------------------------------

  ALTER TABLE "E13080"."IMA_ZARAZNU_BOLEST" ADD CONSTRAINT "PK_IMA_ZARAZNU_BOLEST" PRIMARY KEY ("ID_BOLESTI", "JMBGP")
  USING INDEX PCTFREE 10 INITRANS 2 MAXTRANS 255 COMPUTE STATISTICS 
  STORAGE(INITIAL 65536 NEXT 1048576 MINEXTENTS 1 MAXEXTENTS 2147483645
  PCTINCREASE 0 FREELISTS 1 FREELIST GROUPS 1 BUFFER_POOL DEFAULT FLASH_CACHE DEFAULT CELL_FLASH_CACHE DEFAULT)
  TABLESPACE "USERS"  ENABLE;
  ALTER TABLE "E13080"."IMA_ZARAZNU_BOLEST" MODIFY ("JMBGP" NOT NULL ENABLE);
  ALTER TABLE "E13080"."IMA_ZARAZNU_BOLEST" MODIFY ("ID_BOLESTI" NOT NULL ENABLE);
--------------------------------------------------------
--  Constraints for Table SOBNI_LEKAR
--------------------------------------------------------

  ALTER TABLE "E13080"."SOBNI_LEKAR" ADD CONSTRAINT "PK_SOBNI_LEKAR" PRIMARY KEY ("JMBGZR", "ID_ZR")
  USING INDEX PCTFREE 10 INITRANS 2 MAXTRANS 255 COMPUTE STATISTICS 
  STORAGE(INITIAL 65536 NEXT 1048576 MINEXTENTS 1 MAXEXTENTS 2147483645
  PCTINCREASE 0 FREELISTS 1 FREELIST GROUPS 1 BUFFER_POOL DEFAULT FLASH_CACHE DEFAULT CELL_FLASH_CACHE DEFAULT)
  TABLESPACE "USERS"  ENABLE;
  ALTER TABLE "E13080"."SOBNI_LEKAR" MODIFY ("PRZ" NOT NULL ENABLE);
  ALTER TABLE "E13080"."SOBNI_LEKAR" MODIFY ("IME" NOT NULL ENABLE);
  ALTER TABLE "E13080"."SOBNI_LEKAR" MODIFY ("ID_ZR" NOT NULL ENABLE);
  ALTER TABLE "E13080"."SOBNI_LEKAR" MODIFY ("JMBGZR" NOT NULL ENABLE);
--------------------------------------------------------
--  Constraints for Table IZBOR_LEKARA
--------------------------------------------------------

  ALTER TABLE "E13080"."IZBOR_LEKARA" ADD CONSTRAINT "PK_IZBOR_LEKARA" PRIMARY KEY ("JMBGZR", "ID_ZR", "JMBGP")
  USING INDEX PCTFREE 10 INITRANS 2 MAXTRANS 255 COMPUTE STATISTICS 
  STORAGE(INITIAL 65536 NEXT 1048576 MINEXTENTS 1 MAXEXTENTS 2147483645
  PCTINCREASE 0 FREELISTS 1 FREELIST GROUPS 1 BUFFER_POOL DEFAULT FLASH_CACHE DEFAULT CELL_FLASH_CACHE DEFAULT)
  TABLESPACE "USERS"  ENABLE;
  ALTER TABLE "E13080"."IZBOR_LEKARA" MODIFY ("DATUM_IZBORA" NOT NULL ENABLE);
  ALTER TABLE "E13080"."IZBOR_LEKARA" MODIFY ("JMBGP" NOT NULL ENABLE);
  ALTER TABLE "E13080"."IZBOR_LEKARA" MODIFY ("ID_ZR" NOT NULL ENABLE);
  ALTER TABLE "E13080"."IZBOR_LEKARA" MODIFY ("JMBGZR" NOT NULL ENABLE);
--------------------------------------------------------
--  Constraints for Table LEKAR_OPSTE_MEDICINE
--------------------------------------------------------

  ALTER TABLE "E13080"."LEKAR_OPSTE_MEDICINE" ADD CONSTRAINT "PK_LEKAR_OPSTE_MEDICINE" PRIMARY KEY ("JMBGZR", "ID_ZR")
  USING INDEX PCTFREE 10 INITRANS 2 MAXTRANS 255 COMPUTE STATISTICS 
  STORAGE(INITIAL 65536 NEXT 1048576 MINEXTENTS 1 MAXEXTENTS 2147483645
  PCTINCREASE 0 FREELISTS 1 FREELIST GROUPS 1 BUFFER_POOL DEFAULT FLASH_CACHE DEFAULT CELL_FLASH_CACHE DEFAULT)
  TABLESPACE "USERS"  ENABLE;
  ALTER TABLE "E13080"."LEKAR_OPSTE_MEDICINE" MODIFY ("PRZ" NOT NULL ENABLE);
  ALTER TABLE "E13080"."LEKAR_OPSTE_MEDICINE" MODIFY ("IME" NOT NULL ENABLE);
  ALTER TABLE "E13080"."LEKAR_OPSTE_MEDICINE" MODIFY ("ID_ZR" NOT NULL ENABLE);
  ALTER TABLE "E13080"."LEKAR_OPSTE_MEDICINE" MODIFY ("JMBGZR" NOT NULL ENABLE);
--------------------------------------------------------
--  Constraints for Table ZDRAVSTVENI_KARTON
--------------------------------------------------------

  ALTER TABLE "E13080"."ZDRAVSTVENI_KARTON" ADD CONSTRAINT "PK_ZDRAVSTVENI_KARTON" PRIMARY KEY ("BR_ZK")
  USING INDEX PCTFREE 10 INITRANS 2 MAXTRANS 255 COMPUTE STATISTICS 
  STORAGE(INITIAL 65536 NEXT 1048576 MINEXTENTS 1 MAXEXTENTS 2147483645
  PCTINCREASE 0 FREELISTS 1 FREELIST GROUPS 1 BUFFER_POOL DEFAULT FLASH_CACHE DEFAULT CELL_FLASH_CACHE DEFAULT)
  TABLESPACE "USERS"  ENABLE;
  ALTER TABLE "E13080"."ZDRAVSTVENI_KARTON" MODIFY ("JMBGP" NOT NULL ENABLE);
  ALTER TABLE "E13080"."ZDRAVSTVENI_KARTON" MODIFY ("ID_ZR" NOT NULL ENABLE);
  ALTER TABLE "E13080"."ZDRAVSTVENI_KARTON" MODIFY ("JMBGZR" NOT NULL ENABLE);
  ALTER TABLE "E13080"."ZDRAVSTVENI_KARTON" MODIFY ("BR_ZK" NOT NULL ENABLE);
--------------------------------------------------------
--  Constraints for Table SREDNJI_MEDICINSKI_KADAR
--------------------------------------------------------

  ALTER TABLE "E13080"."SREDNJI_MEDICINSKI_KADAR" ADD CONSTRAINT "PK_SREDNJI_MEDICINSKI_KADAR" PRIMARY KEY ("JMBGZR", "ID_ZR")
  USING INDEX PCTFREE 10 INITRANS 2 MAXTRANS 255 COMPUTE STATISTICS 
  STORAGE(INITIAL 65536 NEXT 1048576 MINEXTENTS 1 MAXEXTENTS 2147483645
  PCTINCREASE 0 FREELISTS 1 FREELIST GROUPS 1 BUFFER_POOL DEFAULT FLASH_CACHE DEFAULT CELL_FLASH_CACHE DEFAULT)
  TABLESPACE "USERS"  ENABLE;
  ALTER TABLE "E13080"."SREDNJI_MEDICINSKI_KADAR" MODIFY ("PRZ" NOT NULL ENABLE);
  ALTER TABLE "E13080"."SREDNJI_MEDICINSKI_KADAR" MODIFY ("IME" NOT NULL ENABLE);
  ALTER TABLE "E13080"."SREDNJI_MEDICINSKI_KADAR" MODIFY ("ID_ZR" NOT NULL ENABLE);
  ALTER TABLE "E13080"."SREDNJI_MEDICINSKI_KADAR" MODIFY ("JMBGZR" NOT NULL ENABLE);
--------------------------------------------------------
--  Constraints for Table RECEPT
--------------------------------------------------------

  ALTER TABLE "E13080"."RECEPT" ADD CONSTRAINT "PK_RECEPT" PRIMARY KEY ("IDREC")
  USING INDEX PCTFREE 10 INITRANS 2 MAXTRANS 255 COMPUTE STATISTICS 
  STORAGE(INITIAL 65536 NEXT 1048576 MINEXTENTS 1 MAXEXTENTS 2147483645
  PCTINCREASE 0 FREELISTS 1 FREELIST GROUPS 1 BUFFER_POOL DEFAULT FLASH_CACHE DEFAULT CELL_FLASH_CACHE DEFAULT)
  TABLESPACE "USERS"  ENABLE;
  ALTER TABLE "E13080"."RECEPT" MODIFY ("PROP__KOLICINA_LEKA" NOT NULL ENABLE);
  ALTER TABLE "E13080"."RECEPT" MODIFY ("SIFL" NOT NULL ENABLE);
  ALTER TABLE "E13080"."RECEPT" MODIFY ("JMBGP" NOT NULL ENABLE);
  ALTER TABLE "E13080"."RECEPT" MODIFY ("ID_ZR" NOT NULL ENABLE);
  ALTER TABLE "E13080"."RECEPT" MODIFY ("JMBGZR" NOT NULL ENABLE);
  ALTER TABLE "E13080"."RECEPT" MODIFY ("IDREC" NOT NULL ENABLE);
  ALTER TABLE "E13080"."RECEPT" MODIFY ("DATIZD" NOT NULL ENABLE);
  ALTER TABLE "E13080"."RECEPT" MODIFY ("SIFDIJ" NOT NULL ENABLE);
--------------------------------------------------------
--  Constraints for Table BOLOVANJE
--------------------------------------------------------

  ALTER TABLE "E13080"."BOLOVANJE" ADD CONSTRAINT "PK_BOLOVANJE" PRIMARY KEY ("JMBGZR", "ID_ZR", "JMBGP", "ID_OBRASCA")
  USING INDEX PCTFREE 10 INITRANS 2 MAXTRANS 255 COMPUTE STATISTICS 
  STORAGE(INITIAL 65536 NEXT 1048576 MINEXTENTS 1 MAXEXTENTS 2147483645
  PCTINCREASE 0 FREELISTS 1 FREELIST GROUPS 1 BUFFER_POOL DEFAULT FLASH_CACHE DEFAULT CELL_FLASH_CACHE DEFAULT)
  TABLESPACE "USERS"  ENABLE;
  ALTER TABLE "E13080"."BOLOVANJE" MODIFY ("ID_VRSTE_BOL" NOT NULL ENABLE);
  ALTER TABLE "E13080"."BOLOVANJE" MODIFY ("ID_STATUSA_BOL" NOT NULL ENABLE);
  ALTER TABLE "E13080"."BOLOVANJE" MODIFY ("ID_OBRASCA" NOT NULL ENABLE);
  ALTER TABLE "E13080"."BOLOVANJE" MODIFY ("JMBGP" NOT NULL ENABLE);
  ALTER TABLE "E13080"."BOLOVANJE" MODIFY ("ID_ZR" NOT NULL ENABLE);
  ALTER TABLE "E13080"."BOLOVANJE" MODIFY ("JMBGZR" NOT NULL ENABLE);
--------------------------------------------------------
--  Constraints for Table PROPISUJE
--------------------------------------------------------

  ALTER TABLE "E13080"."PROPISUJE" ADD CONSTRAINT "PK_PROPISUJE" PRIMARY KEY ("JMBGZR", "ID_ZR", "JMBGP", "SIFL")
  USING INDEX PCTFREE 10 INITRANS 2 MAXTRANS 255 COMPUTE STATISTICS 
  STORAGE(INITIAL 65536 NEXT 1048576 MINEXTENTS 1 MAXEXTENTS 2147483645
  PCTINCREASE 0 FREELISTS 1 FREELIST GROUPS 1 BUFFER_POOL DEFAULT FLASH_CACHE DEFAULT CELL_FLASH_CACHE DEFAULT)
  TABLESPACE "USERS"  ENABLE;
  ALTER TABLE "E13080"."PROPISUJE" MODIFY ("PROP__KOLICINA_LEKA" NOT NULL ENABLE);
  ALTER TABLE "E13080"."PROPISUJE" MODIFY ("SIFL" NOT NULL ENABLE);
  ALTER TABLE "E13080"."PROPISUJE" MODIFY ("JMBGP" NOT NULL ENABLE);
  ALTER TABLE "E13080"."PROPISUJE" MODIFY ("ID_ZR" NOT NULL ENABLE);
  ALTER TABLE "E13080"."PROPISUJE" MODIFY ("JMBGZR" NOT NULL ENABLE);
--------------------------------------------------------
--  Constraints for Table VRSTA_UPUTA
--------------------------------------------------------

  ALTER TABLE "E13080"."VRSTA_UPUTA" ADD CONSTRAINT "PK_VRSTA_UPUTA" PRIMARY KEY ("ID_VRSTE_UPUTA")
  USING INDEX PCTFREE 10 INITRANS 2 MAXTRANS 255 COMPUTE STATISTICS 
  STORAGE(INITIAL 65536 NEXT 1048576 MINEXTENTS 1 MAXEXTENTS 2147483645
  PCTINCREASE 0 FREELISTS 1 FREELIST GROUPS 1 BUFFER_POOL DEFAULT FLASH_CACHE DEFAULT CELL_FLASH_CACHE DEFAULT)
  TABLESPACE "USERS"  ENABLE;
  ALTER TABLE "E13080"."VRSTA_UPUTA" MODIFY ("ID_VRSTE_UPUTA" NOT NULL ENABLE);
--------------------------------------------------------
--  Constraints for Table VRSTA_BOLOVANJA
--------------------------------------------------------

  ALTER TABLE "E13080"."VRSTA_BOLOVANJA" ADD CONSTRAINT "PK_VRSTA_BOLOVANJA" PRIMARY KEY ("ID_VRSTE_BOL")
  USING INDEX PCTFREE 10 INITRANS 2 MAXTRANS 255 COMPUTE STATISTICS 
  STORAGE(INITIAL 65536 NEXT 1048576 MINEXTENTS 1 MAXEXTENTS 2147483645
  PCTINCREASE 0 FREELISTS 1 FREELIST GROUPS 1 BUFFER_POOL DEFAULT FLASH_CACHE DEFAULT CELL_FLASH_CACHE DEFAULT)
  TABLESPACE "USERS"  ENABLE;
  ALTER TABLE "E13080"."VRSTA_BOLOVANJA" MODIFY ("NAZIV_VRSTE_BOL" NOT NULL ENABLE);
  ALTER TABLE "E13080"."VRSTA_BOLOVANJA" MODIFY ("ID_VRSTE_BOL" NOT NULL ENABLE);
--------------------------------------------------------
--  Constraints for Table UPUT
--------------------------------------------------------

  ALTER TABLE "E13080"."UPUT" ADD CONSTRAINT "PK_UPUT" PRIMARY KEY ("ID_UPUTA")
  USING INDEX PCTFREE 10 INITRANS 2 MAXTRANS 255 COMPUTE STATISTICS 
  STORAGE(INITIAL 65536 NEXT 1048576 MINEXTENTS 1 MAXEXTENTS 2147483645
  PCTINCREASE 0 FREELISTS 1 FREELIST GROUPS 1 BUFFER_POOL DEFAULT FLASH_CACHE DEFAULT CELL_FLASH_CACHE DEFAULT)
  TABLESPACE "USERS"  ENABLE;
  ALTER TABLE "E13080"."UPUT" MODIFY ("JMBGP" NOT NULL ENABLE);
  ALTER TABLE "E13080"."UPUT" MODIFY ("ID_ZR" NOT NULL ENABLE);
  ALTER TABLE "E13080"."UPUT" MODIFY ("JMBGZR" NOT NULL ENABLE);
  ALTER TABLE "E13080"."UPUT" MODIFY ("ID_UPUTA" NOT NULL ENABLE);
--------------------------------------------------------
--  Constraints for Table STATUS_BOLOVANJA
--------------------------------------------------------

  ALTER TABLE "E13080"."STATUS_BOLOVANJA" ADD CONSTRAINT "PK_STATUS_BOLOVANJA" PRIMARY KEY ("ID_STATUSA_BOL")
  USING INDEX PCTFREE 10 INITRANS 2 MAXTRANS 255 COMPUTE STATISTICS 
  STORAGE(INITIAL 65536 NEXT 1048576 MINEXTENTS 1 MAXEXTENTS 2147483645
  PCTINCREASE 0 FREELISTS 1 FREELIST GROUPS 1 BUFFER_POOL DEFAULT FLASH_CACHE DEFAULT CELL_FLASH_CACHE DEFAULT)
  TABLESPACE "USERS"  ENABLE;
  ALTER TABLE "E13080"."STATUS_BOLOVANJA" MODIFY ("ID_STATUSA_BOL" NOT NULL ENABLE);
  ALTER TABLE "E13080"."STATUS_BOLOVANJA" MODIFY ("NAZIV_STATUSA" NOT NULL ENABLE);
--------------------------------------------------------
--  Constraints for Table VRSTA_ODELJENJA
--------------------------------------------------------

  ALTER TABLE "E13080"."VRSTA_ODELJENJA" ADD CONSTRAINT "PK_VRSTA_ODELJENJA" PRIMARY KEY ("IDODEL")
  USING INDEX PCTFREE 10 INITRANS 2 MAXTRANS 255 COMPUTE STATISTICS 
  STORAGE(INITIAL 65536 NEXT 1048576 MINEXTENTS 1 MAXEXTENTS 2147483645
  PCTINCREASE 0 FREELISTS 1 FREELIST GROUPS 1 BUFFER_POOL DEFAULT FLASH_CACHE DEFAULT CELL_FLASH_CACHE DEFAULT)
  TABLESPACE "USERS"  ENABLE;
  ALTER TABLE "E13080"."VRSTA_ODELJENJA" MODIFY ("IDODEL" NOT NULL ENABLE);
  ALTER TABLE "E13080"."VRSTA_ODELJENJA" MODIFY ("NAZODEL" NOT NULL ENABLE);
--------------------------------------------------------
--  Constraints for Table SPECIJALNOST
--------------------------------------------------------

  ALTER TABLE "E13080"."SPECIJALNOST" ADD CONSTRAINT "PK_SPECIJALNOST" PRIMARY KEY ("IDSPEC")
  USING INDEX PCTFREE 10 INITRANS 2 MAXTRANS 255 COMPUTE STATISTICS 
  STORAGE(INITIAL 65536 NEXT 1048576 MINEXTENTS 1 MAXEXTENTS 2147483645
  PCTINCREASE 0 FREELISTS 1 FREELIST GROUPS 1 BUFFER_POOL DEFAULT FLASH_CACHE DEFAULT CELL_FLASH_CACHE DEFAULT)
  TABLESPACE "USERS"  ENABLE;
  ALTER TABLE "E13080"."SPECIJALNOST" MODIFY ("IDSPEC" NOT NULL ENABLE);
  ALTER TABLE "E13080"."SPECIJALNOST" MODIFY ("NAZSPEC" NOT NULL ENABLE);
--------------------------------------------------------
--  Constraints for Table ZDRAVSTVENI_RADNIK
--------------------------------------------------------

  ALTER TABLE "E13080"."ZDRAVSTVENI_RADNIK" ADD CONSTRAINT "PK_ZDRAVSTVENI_RADNIK" PRIMARY KEY ("JMBGZR", "ID_ZR")
  USING INDEX PCTFREE 10 INITRANS 2 MAXTRANS 255 COMPUTE STATISTICS 
  STORAGE(INITIAL 65536 NEXT 1048576 MINEXTENTS 1 MAXEXTENTS 2147483645
  PCTINCREASE 0 FREELISTS 1 FREELIST GROUPS 1 BUFFER_POOL DEFAULT FLASH_CACHE DEFAULT CELL_FLASH_CACHE DEFAULT)
  TABLESPACE "USERS"  ENABLE;
  ALTER TABLE "E13080"."ZDRAVSTVENI_RADNIK" MODIFY ("IDZU" NOT NULL ENABLE);
  ALTER TABLE "E13080"."ZDRAVSTVENI_RADNIK" MODIFY ("ID_ZR" NOT NULL ENABLE);
  ALTER TABLE "E13080"."ZDRAVSTVENI_RADNIK" MODIFY ("JMBGZR" NOT NULL ENABLE);
  ALTER TABLE "E13080"."ZDRAVSTVENI_RADNIK" MODIFY ("PRZ" NOT NULL ENABLE);
  ALTER TABLE "E13080"."ZDRAVSTVENI_RADNIK" MODIFY ("IME" NOT NULL ENABLE);
--------------------------------------------------------
--  Constraints for Table ZDRAVSTVENA_USTANOVA
--------------------------------------------------------

  ALTER TABLE "E13080"."ZDRAVSTVENA_USTANOVA" ADD CONSTRAINT "PK_ZDRAVSTVENA_USTANOVA" PRIMARY KEY ("IDZU")
  USING INDEX PCTFREE 10 INITRANS 2 MAXTRANS 255 COMPUTE STATISTICS 
  STORAGE(INITIAL 65536 NEXT 1048576 MINEXTENTS 1 MAXEXTENTS 2147483645
  PCTINCREASE 0 FREELISTS 1 FREELIST GROUPS 1 BUFFER_POOL DEFAULT FLASH_CACHE DEFAULT CELL_FLASH_CACHE DEFAULT)
  TABLESPACE "USERS"  ENABLE;
  ALTER TABLE "E13080"."ZDRAVSTVENA_USTANOVA" MODIFY ("ADRU" NOT NULL ENABLE);
  ALTER TABLE "E13080"."ZDRAVSTVENA_USTANOVA" MODIFY ("IDZU" NOT NULL ENABLE);
  ALTER TABLE "E13080"."ZDRAVSTVENA_USTANOVA" MODIFY ("NAZZU" NOT NULL ENABLE);
--------------------------------------------------------
--  Constraints for Table ADMINZK
--------------------------------------------------------

  ALTER TABLE "E13080"."ADMINZK" ADD CONSTRAINT "PK_ADMINZK" PRIMARY KEY ("USERA")
  USING INDEX PCTFREE 10 INITRANS 2 MAXTRANS 255 COMPUTE STATISTICS 
  STORAGE(INITIAL 65536 NEXT 1048576 MINEXTENTS 1 MAXEXTENTS 2147483645
  PCTINCREASE 0 FREELISTS 1 FREELIST GROUPS 1 BUFFER_POOL DEFAULT FLASH_CACHE DEFAULT CELL_FLASH_CACHE DEFAULT)
  TABLESPACE "USERS"  ENABLE;
  ALTER TABLE "E13080"."ADMINZK" MODIFY ("PASSA" NOT NULL ENABLE);
  ALTER TABLE "E13080"."ADMINZK" MODIFY ("USERA" NOT NULL ENABLE);
--------------------------------------------------------
--  Constraints for Table VRSTA_ANALIZE
--------------------------------------------------------

  ALTER TABLE "E13080"."VRSTA_ANALIZE" ADD CONSTRAINT "PK_VRSTA_ANALIZE" PRIMARY KEY ("ID_VRSTE_ANALIZE")
  USING INDEX PCTFREE 10 INITRANS 2 MAXTRANS 255 COMPUTE STATISTICS 
  STORAGE(INITIAL 65536 NEXT 1048576 MINEXTENTS 1 MAXEXTENTS 2147483645
  PCTINCREASE 0 FREELISTS 1 FREELIST GROUPS 1 BUFFER_POOL DEFAULT FLASH_CACHE DEFAULT CELL_FLASH_CACHE DEFAULT)
  TABLESPACE "USERS"  ENABLE;
  ALTER TABLE "E13080"."VRSTA_ANALIZE" MODIFY ("ID_VRSTE_ANALIZE" NOT NULL ENABLE);
--------------------------------------------------------
--  Ref Constraints for Table BOLOVANJE
--------------------------------------------------------

  ALTER TABLE "E13080"."BOLOVANJE" ADD CONSTRAINT "FK_BOLOVANJ_IMA_STATU_STATUS_B" FOREIGN KEY ("ID_STATUSA_BOL")
	  REFERENCES "E13080"."STATUS_BOLOVANJA" ("ID_STATUSA_BOL") ENABLE;
  ALTER TABLE "E13080"."BOLOVANJE" ADD CONSTRAINT "FK_BOLOVANJ_PRIPADA_V_VRSTA_BO" FOREIGN KEY ("ID_VRSTE_BOL")
	  REFERENCES "E13080"."VRSTA_BOLOVANJA" ("ID_VRSTE_BOL") ENABLE;
--------------------------------------------------------
--  Ref Constraints for Table IMA_SPEC
--------------------------------------------------------

  ALTER TABLE "E13080"."IMA_SPEC" ADD CONSTRAINT "FK_IMA_SPEC_IMA_SPEC2_SPECIJAL" FOREIGN KEY ("IDSPEC")
	  REFERENCES "E13080"."SPECIJALNOST" ("IDSPEC") ENABLE;
  ALTER TABLE "E13080"."IMA_SPEC" ADD CONSTRAINT "FK_IMA_SPEC_IMA_SPEC_LEKAR_SP" FOREIGN KEY ("JMBGZR", "ID_ZR")
	  REFERENCES "E13080"."LEKAR_SPECIJALISTA" ("JMBGZR", "ID_ZR") ENABLE;
--------------------------------------------------------
--  Ref Constraints for Table IMA_ZARAZNU_BOLEST
--------------------------------------------------------

  ALTER TABLE "E13080"."IMA_ZARAZNU_BOLEST" ADD CONSTRAINT "FK_IMA_ZARA_IMA_ZARAZ_ZARAZNA_" FOREIGN KEY ("ID_BOLESTI")
	  REFERENCES "E13080"."ZARAZNA_BOLEST" ("ID_BOLESTI") ENABLE;
--------------------------------------------------------
--  Ref Constraints for Table IZBOR_LEKARA
--------------------------------------------------------

  ALTER TABLE "E13080"."IZBOR_LEKARA" ADD CONSTRAINT "FK_IZBOR_LE_BIRA_LEKA_PACIJENT" FOREIGN KEY ("JMBGP")
	  REFERENCES "E13080"."PACIJENT" ("JMBGP") ENABLE;
  ALTER TABLE "E13080"."IZBOR_LEKARA" ADD CONSTRAINT "FK_IZBOR_LE_IZABRAN_L_LEKAR_OP" FOREIGN KEY ("JMBGZR", "ID_ZR")
	  REFERENCES "E13080"."LEKAR_OPSTE_MEDICINE" ("JMBGZR", "ID_ZR") ENABLE;
  ALTER TABLE "E13080"."IZBOR_LEKARA" ADD CONSTRAINT "FK_IZBOR_LE_RAZLOG_IZ_RAZLOG_I" FOREIGN KEY ("IDRAZL")
	  REFERENCES "E13080"."RAZLOG_IZBORA" ("IDRAZL") ENABLE;
--------------------------------------------------------
--  Ref Constraints for Table LEKAR_OPSTE_MEDICINE
--------------------------------------------------------

  ALTER TABLE "E13080"."LEKAR_OPSTE_MEDICINE" ADD CONSTRAINT "FK_LEKAR_OP_TIPSOBLEK_SOBNI_LE" FOREIGN KEY ("JMBGZR", "ID_ZR")
	  REFERENCES "E13080"."SOBNI_LEKAR" ("JMBGZR", "ID_ZR") ENABLE;
--------------------------------------------------------
--  Ref Constraints for Table LEKAR_SPECIJALISTA
--------------------------------------------------------

  ALTER TABLE "E13080"."LEKAR_SPECIJALISTA" ADD CONSTRAINT "FK_LEKAR_SP_TIPSOBLEK_SOBNI_LE" FOREIGN KEY ("JMBGZR", "ID_ZR")
	  REFERENCES "E13080"."SOBNI_LEKAR" ("JMBGZR", "ID_ZR") ENABLE;
--------------------------------------------------------
--  Ref Constraints for Table NALAZ
--------------------------------------------------------

  ALTER TABLE "E13080"."NALAZ" ADD CONSTRAINT "FK_NALAZ_IZDAJE_NA_LEKAR_SP" FOREIGN KEY ("JMBGZR", "ID_ZR")
	  REFERENCES "E13080"."LEKAR_SPECIJALISTA" ("JMBGZR", "ID_ZR") ENABLE;
--------------------------------------------------------
--  Ref Constraints for Table POMAGALO
--------------------------------------------------------

  ALTER TABLE "E13080"."POMAGALO" ADD CONSTRAINT "FK_POMAGALO_IZDAJE_PO_LEKAR_SP" FOREIGN KEY ("JMBGZR", "ID_ZR")
	  REFERENCES "E13080"."LEKAR_SPECIJALISTA" ("JMBGZR", "ID_ZR") ENABLE;
--------------------------------------------------------
--  Ref Constraints for Table PREPISANO_POMAGALO
--------------------------------------------------------

  ALTER TABLE "E13080"."PREPISANO_POMAGALO" ADD CONSTRAINT "FK_PREPISAN_PREPISANO_POMAGALO" FOREIGN KEY ("ID_POMAGALA")
	  REFERENCES "E13080"."POMAGALO" ("ID_POMAGALA") ENABLE;
--------------------------------------------------------
--  Ref Constraints for Table PRIJEM_PACIJENTA
--------------------------------------------------------

  ALTER TABLE "E13080"."PRIJEM_PACIJENTA" ADD CONSTRAINT "FK_PRIJEM_P_PRIMLJEN__IZBOR_LE" FOREIGN KEY ("JMBGZR", "ID_ZR", "JMBGP")
	  REFERENCES "E13080"."IZBOR_LEKARA" ("JMBGZR", "ID_ZR", "JMBGP") ENABLE;
--------------------------------------------------------
--  Ref Constraints for Table PRIMA_VAKCINU
--------------------------------------------------------

  ALTER TABLE "E13080"."PRIMA_VAKCINU" ADD CONSTRAINT "FK_PRIMA_VA_PRIMA_VAK_VAKCINA" FOREIGN KEY ("ID_VAKCINE")
	  REFERENCES "E13080"."VAKCINA" ("ID_VAKCINE") ENABLE;
--------------------------------------------------------
--  Ref Constraints for Table PROPISUJE
--------------------------------------------------------

  ALTER TABLE "E13080"."PROPISUJE" ADD CONSTRAINT "FK_PROPISUJ_LEK_PROPI_LEK" FOREIGN KEY ("SIFL")
	  REFERENCES "E13080"."LEK" ("SIFL") ENABLE;
--------------------------------------------------------
--  Ref Constraints for Table REGISTRACIJA
--------------------------------------------------------

  ALTER TABLE "E13080"."REGISTRACIJA" ADD CONSTRAINT "FK_REG_VRSTA_ODEL" FOREIGN KEY ("IDODEL")
	  REFERENCES "E13080"."VRSTA_ODELJENJA" ("IDODEL") ENABLE;
--------------------------------------------------------
--  Ref Constraints for Table SOBNI_LEKAR
--------------------------------------------------------

  ALTER TABLE "E13080"."SOBNI_LEKAR" ADD CONSTRAINT "FK_SOBNI_LE_RUKOVODI_ZDRAVSTV" FOREIGN KEY ("IDZU")
	  REFERENCES "E13080"."ZDRAVSTVENA_USTANOVA" ("IDZU") ENABLE;
  ALTER TABLE "E13080"."SOBNI_LEKAR" ADD CONSTRAINT "FK_SOBNI_LE_TIPRAD2_ZDRAVSTV" FOREIGN KEY ("JMBGZR", "ID_ZR")
	  REFERENCES "E13080"."ZDRAVSTVENI_RADNIK" ("JMBGZR", "ID_ZR") ENABLE;
--------------------------------------------------------
--  Ref Constraints for Table SREDNJI_MEDICINSKI_KADAR
--------------------------------------------------------

  ALTER TABLE "E13080"."SREDNJI_MEDICINSKI_KADAR" ADD CONSTRAINT "FK_SREDNJI__TIPRAD_ZDRAVSTV" FOREIGN KEY ("JMBGZR", "ID_ZR")
	  REFERENCES "E13080"."ZDRAVSTVENI_RADNIK" ("JMBGZR", "ID_ZR") ENABLE;
--------------------------------------------------------
--  Ref Constraints for Table UPUT
--------------------------------------------------------

  ALTER TABLE "E13080"."UPUT" ADD CONSTRAINT "FK_UPUT_LAB_VRSTA_VRSTA_AN" FOREIGN KEY ("ID_VRSTE_ANALIZE")
	  REFERENCES "E13080"."VRSTA_ANALIZE" ("ID_VRSTE_ANALIZE") ENABLE;
  ALTER TABLE "E13080"."UPUT" ADD CONSTRAINT "FK_UPUT_PRIPADA_V_VRSTA_UP" FOREIGN KEY ("ID_VRSTE_UPUTA")
	  REFERENCES "E13080"."VRSTA_UPUTA" ("ID_VRSTE_UPUTA") ENABLE;
  ALTER TABLE "E13080"."UPUT" ADD CONSTRAINT "FK_UPUT_UPUT_SPEC_SPECIJAL" FOREIGN KEY ("IDSPEC")
	  REFERENCES "E13080"."SPECIJALNOST" ("IDSPEC") ENABLE;
--------------------------------------------------------
--  Ref Constraints for Table ZDRAVSTVENA_USTANOVA
--------------------------------------------------------

  ALTER TABLE "E13080"."ZDRAVSTVENA_USTANOVA" ADD CONSTRAINT "FK_ZDRAVSTV_SASTOJI_S_ZDRAVSTV" FOREIGN KEY ("ZDR_IDZU")
	  REFERENCES "E13080"."ZDRAVSTVENA_USTANOVA" ("IDZU") ENABLE;
--------------------------------------------------------
--  Ref Constraints for Table ZDRAVSTVENI_KARTON
--------------------------------------------------------

  ALTER TABLE "E13080"."ZDRAVSTVENI_KARTON" ADD CONSTRAINT "FK_ZDRAVSTV_POPUNJAVA_IZBOR_LE" FOREIGN KEY ("JMBGZR", "ID_ZR", "JMBGP")
	  REFERENCES "E13080"."IZBOR_LEKARA" ("JMBGZR", "ID_ZR", "JMBGP") ENABLE;
  ALTER TABLE "E13080"."ZDRAVSTVENI_KARTON" ADD CONSTRAINT "FK_ZDRAVSTV_UPISANO_P_POMAGALO" FOREIGN KEY ("ID_POMAGALA")
	  REFERENCES "E13080"."POMAGALO" ("ID_POMAGALA") ENABLE;
  ALTER TABLE "E13080"."ZDRAVSTVENI_KARTON" ADD CONSTRAINT "FK_ZDRAVSTV_UPISAN_NA_NALAZ" FOREIGN KEY ("ID_NALAZA")
	  REFERENCES "E13080"."NALAZ" ("ID_NALAZA") ENABLE;
  ALTER TABLE "E13080"."ZDRAVSTVENI_KARTON" ADD CONSTRAINT "FK_ZDRAVSTV_UPISAN_RE_RECEPT" FOREIGN KEY ("IDREC")
	  REFERENCES "E13080"."RECEPT" ("IDREC") ENABLE;
  ALTER TABLE "E13080"."ZDRAVSTVENI_KARTON" ADD CONSTRAINT "FK_ZDRAVSTV_UPISAN_UP_UPUT" FOREIGN KEY ("ID_UPUTA")
	  REFERENCES "E13080"."UPUT" ("ID_UPUTA") ENABLE;
--------------------------------------------------------
--  Ref Constraints for Table ZDRAVSTVENI_RADNIK
--------------------------------------------------------

  ALTER TABLE "E13080"."ZDRAVSTVENI_RADNIK" ADD CONSTRAINT "FK_ZDRAVSTV_RADI_ZDRAVSTV" FOREIGN KEY ("IDZU")
	  REFERENCES "E13080"."ZDRAVSTVENA_USTANOVA" ("IDZU") ENABLE;
--------------------------------------------------------
--  DDL for Function F_PCTINC
--------------------------------------------------------

  CREATE OR REPLACE FUNCTION "E13080"."F_PCTINC" 
( p_num IN NUMBER,
  p_pct IN NUMBER
) return number
is
BEGIN
 return p_num*(1+p_pct/100);
end;

/
--------------------------------------------------------
--  DDL for Function F_RECEPTI
--------------------------------------------------------

  CREATE OR REPLACE FUNCTION "E13080"."F_RECEPTI" 
  (p_dat1 in date, p_dat2 in date, p_sifl zdravstveni_radnik.id_zr%TYPE)
  RETURN number 
IS 
  v_br number; 
BEGIN 
  SELECT count(*) 
  INTO   v_br 
  FROM   Recept 
  WHERE  id_zr = p_sifl
  and datizd between p_dat1 and p_dat2; 
  RETURN v_br; 
EXCEPTION 
  WHEN NO_DATA_FOUND THEN 
    RETURN 0; 
END F_recepti;

/
--------------------------------------------------------
--  DDL for Package PCKG_ZU
--------------------------------------------------------

  CREATE OR REPLACE PACKAGE "E13080"."PCKG_ZU" IS 
  TYPE T_Lekar IS RECORD (
   p_lekar sobni_lekar.id_zr%TYPE,
   p_br_recepata number,
   p_br_uputa number
  );
  
  TYPE t_vakc IS TABLE OF vakcina.id_vakcine%type
  index by binary_integer;
  
 FUNCTION F_recepti(p_dat1 IN DATE, p_dat2 IN DATE, p_sifl zdravstveni_radnik.id_zr%TYPE)
 RETURN T_Lekar; 
 
 FUNCTION F_vakcine(p_idpac IN char)
 RETURN t_vakc; 
 
END pckg_ZU;

/
--------------------------------------------------------
--  DDL for Package Body PCKG_ZU
--------------------------------------------------------

  CREATE OR REPLACE PACKAGE BODY "E13080"."PCKG_ZU" AS
  s_lekar T_Lekar;
  spisak_vakc T_vakc;
  s_neprim_vakc T_vakc;
  s_prim_vakc T_vakc;
  god_pac INTEGER;
  FUNCTION F_recepti(p_dat1 IN DATE, p_dat2 IN DATE, p_sifl zdravstveni_radnik.id_zr%TYPE)
  RETURN T_Lekar AS 
  v_brr NUMBER; 
  v_bru NUMBER; 
 
  BEGIN 
   SELECT count(*) 
   INTO   v_brr 
   FROM   Recept 
   WHERE  id_zr = p_sifl
    AND datizd BETWEEN p_dat1 AND p_dat2; 
    
  SELECT count(*) 
   INTO   v_bru 
   FROM   Uput 
   WHERE  ID_ZR = p_sifl
    AND DAT_IZD_UPUT BETWEEN p_dat1 AND p_dat2; 
    
  s_lekar.p_lekar:=p_sifl;
  s_lekar.p_br_recepata:=v_brr;
  s_lekar.p_br_uputa:=v_bru;
  
  RETURN s_lekar; 
  EXCEPTION 
   WHEN NO_DATA_FOUND THEN 
    RETURN null; 
  END F_recepti;
  
   FUNCTION F_vakcine(p_idpac IN char)
   RETURN t_vakc AS
    i binary_INTEGER:=0;
    j binary_INTEGER:=0;
    v_vakc NUMBER:=0;
   BEGIN
   
 --  SELECT vrsta_vakcine
 --  INTO s_vakc
 --  FROM prima_vakcinu, vakcina, pacijent
 --   WHERE prima_vakcinu.jmbgp=p_idpac AND vakcina.starost_pac<(YEAR(SYSDATE)-YEAR(pacijent.datrp));
   
   --SELECT YEAR(pacijent.datrp)
   --INTO god_pac
   --from pacijent;
   
   SELECT trunc((SYSDATE-pacijent.datrp)/365, 0) 
   INTO god_pac
   FROM pacijent
   where pacijent.jmbgp=p_idpac;
  
   FOR rec IN (SELECT * FROM vakcina WHERE starost_pac<= god_pac) loop
    --dbms_output.put_line('vakcina: ' || rec.id_vakcine);
    SELECT COUNT(*) INTO v_vakc FROM prima_vakcinu WHERE prima_vakcinu.id_vakcine = rec.id_vakcine and prima_vakcinu.jmbgp=p_idpac;
    IF v_vakc = 0  THEN
    --  dbms_output.put_line('NEPRIM_IZ_BODY_vakcina: ' || rec.id_vakcine);
      s_neprim_vakc(i):=rec.id_vakcine;
      i:=i+1;
    ELSE  
    --  dbms_output.put_line('PRIM_IZ_BODY_vakcina: ' || rec.id_vakcine);
      s_prim_vakc(j):=rec.id_vakcine;
      j:=j+1;
    end if;
   end loop;
   
   RETURN s_neprim_vakc;
   END F_vakcine;
   
END PCKG_ZU;

/
--------------------------------------------------------
--  DDL for Procedure P_INS_PROJEKAT_ROWS
--------------------------------------------------------
set define off;

  CREATE OR REPLACE PROCEDURE "E13080"."P_INS_PROJEKAT_ROWS" (p_rows IN t_proj_rows)
IS
  i NUMBER;
BEGIN
  i:=p_rows.FIRST;
  while i IS NOT NULL loop
    INSERT INTO projekat(spr,ruk,nap,nar)
    VALUES (p_rows(i).spr,p_rows(i).ruk,p_rows(i).nap,p_rows(i).nar);
    i:=p_rows.NEXT(i);
  END loop;
  COMMIT;
exception
  WHEN dup_val_on_index THEN
    ROLLBACK;
    raise_application_error(-20000,'dupla vrednost kljuca');
  WHEN value_error THEN
    ROLLBACK;
    raise_application_error(-20000,'greska u vrednosti podataka');
END
 p_ins_projekat_rows;

/
--------------------------------------------------------
--  DDL for Procedure P_INS_RAD
--------------------------------------------------------
set define off;

  CREATE OR REPLACE PROCEDURE "E13080"."P_INS_RAD" 
(p_mbr IN radnik.mbr%TYPE,
p_ime IN radnik.ime%TYPE,
p_prz IN radnik.prz%TYPE,
p_plt IN radnik.plt%TYPE,
p_god IN radnik.god%TYPE DEFAULT SYSDATE,
p_pre IN radnik.pre%TYPE DEFAULT NULL)
IS 
begin
  INSERT INTO radnik (mbr,ime,prz,plt,god,pre)
  VALUES (p_mbr,p_ime,p_prz,p_plt,p_god,p_pre);
  COMMIT;
exception
  WHEN dup_val_on_index THEN
    ROLLBACK;
    raise_application_error(-20000,'dupla vrednost kljuca');
  WHEN value_error THEN
    ROLLBACK;
    raise_application_error(-20000, 'greska u vrenosti podatka');
end p_ins_rad;

/
--------------------------------------------------------
--  DDL for Procedure P_SEL_PROJ
--------------------------------------------------------
set define off;

  CREATE OR REPLACE PROCEDURE "E13080"."P_SEL_PROJ" 
(p_spr IN projekat.spr%TYPE,
p_proj out projekat%rowtype)
IS
BEGIN
  SELECT *
  INTO p_proj
  FROM projekat
  WHERE spr=p_spr;
exception
 WHEN no_data_found THEN
  p_proj:=NULL;
end p_sel_proj;

/
